customer_id,customer_tenure_days,total_transactions,successful_transactions,failed_transactions,historical_success_rate,avg_transaction_amount,preferred_payment_method
CUST_00001,1339,19,5,14,0.2632,3126.6,NetBanking
CUST_00002,531,33,13,20,0.3939,2004.63,UPI
CUST_00003,1415,74,27,47,0.3649,3475.11,Wallet
CUST_00004,95,8,2,6,0.25,6413.25,Card
CUST_00005,506,69,58,11,0.8406,1874.49,UPI
CUST_00006,1179,30,29,1,0.9667,1874.51,Wallet
CUST_00007,481,62,55,7,0.8871,6670.49,NetBanking
CUST_00008,43,25,20,5,0.8,3778.96,NetBanking
CUST_00009,599,24,13,11,0.5417,1589.81,NetBanking
CUST_00010,239,16,10,6,0.625,3228.56,UPI
CUST_00011,765,49,30,19,0.6122,1596.56,UPI
CUST_00012,970,73,28,45,0.3836,1593.98,Wallet
CUST_00013,191,75,40,35,0.5333,2615.93,NetBanking
CUST_00014,1212,29,10,19,0.3448,578.65,UPI
CUST_00015,1384,34,34,0,1.0,660.21,NetBanking
CUST_00016,193,34,13,21,0.3824,1489.8,Wallet
CUST_00017,599,63,58,5,0.9206,1086.83,NetBanking
CUST_00018,363,52,37,15,0.7115,2751.7,Card
CUST_00019,1402,39,33,6,0.8462,1169.56,UPI
CUST_00020,1277,26,24,2,0.9231,821.71,Card
CUST_00021,364,64,43,21,0.6719,6160.75,NetBanking
CUST_00022,1340,76,36,40,0.4737,1885.52,NetBanking
CUST_00023,144,34,11,23,0.3235,2315.24,NetBanking
CUST_00024,851,39,13,26,0.3333,814.58,Card
CUST_00025,1191,45,26,19,0.5778,1508.59,Wallet
CUST_00026,840,63,27,36,0.4286,2386.65,NetBanking
CUST_00027,315,36,33,3,0.9167,986.64,NetBanking
CUST_00028,1227,59,54,5,0.9153,2872.65,Wallet
CUST_00029,771,33,13,20,0.3939,1450.34,Wallet
CUST_00030,216,11,4,7,0.3636,1800.49,Card
CUST_00031,1315,25,20,5,0.8,1449.26,UPI
CUST_00032,818,53,53,0,1.0,8075.54,Wallet
CUST_00033,1113,37,28,9,0.7568,2187.58,UPI
CUST_00034,1423,19,15,4,0.7895,1053.21,NetBanking
CUST_00035,1342,48,21,27,0.4375,3927.59,NetBanking
CUST_00036,920,25,21,4,0.84,939.56,UPI
CUST_00037,569,69,68,1,0.9855,2556.01,Card
CUST_00038,1069,18,18,0,1.0,560.16,NetBanking
CUST_00039,1338,69,58,11,0.8406,871.55,Card
CUST_00040,343,52,25,27,0.4808,2534.63,UPI
CUST_00041,1256,46,44,2,0.9565,3703.1,UPI
CUST_00042,259,51,34,17,0.6667,2489.8,Card
CUST_00043,148,35,28,7,0.8,2036.62,UPI
CUST_00044,205,67,24,43,0.3582,1788.67,Card
CUST_00045,292,65,54,11,0.8308,784.49,Card
CUST_00046,572,72,59,13,0.8194,1334.23,Wallet
CUST_00047,463,74,70,4,0.9459,1599.67,Card
CUST_00048,1490,44,38,6,0.8636,4628.49,NetBanking
CUST_00049,927,71,49,22,0.6901,2808.86,UPI
CUST_00050,537,33,11,22,0.3333,642.82,NetBanking
CUST_00051,73,80,59,21,0.7375,2770.71,Card
CUST_00052,1235,33,9,24,0.2727,1686.55,UPI
CUST_00053,1479,12,6,6,0.5,1374.93,UPI
CUST_00054,94,47,18,29,0.383,3388.6,Card
CUST_00055,600,67,33,34,0.4925,4544.62,Card
CUST_00056,1199,78,53,25,0.6795,4238.21,Card
CUST_00057,998,57,29,28,0.5088,1227.27,UPI
CUST_00058,228,60,40,20,0.6667,1778.55,Wallet
CUST_00059,871,64,22,42,0.3438,2784.67,UPI
CUST_00060,154,56,37,19,0.6607,4371.59,UPI
CUST_00061,539,29,14,15,0.4828,1579.05,Wallet
CUST_00062,317,59,28,31,0.4746,1939.22,NetBanking
CUST_00063,977,36,12,24,0.3333,1017.97,Wallet
CUST_00064,1157,17,5,12,0.2941,955.9,UPI
CUST_00065,221,35,15,20,0.4286,3900.14,Wallet
CUST_00066,1024,66,32,34,0.4848,5706.54,Wallet
CUST_00067,150,26,19,7,0.7308,2099.79,UPI
CUST_00068,829,38,36,2,0.9474,4458.08,Wallet
CUST_00069,614,59,52,7,0.8814,2844.51,Wallet
CUST_00070,347,29,17,12,0.5862,1405.88,Card
CUST_00071,149,79,70,9,0.8861,2844.03,UPI
CUST_00072,672,12,3,9,0.25,6480.97,Wallet
CUST_00073,1059,72,31,41,0.4306,2153.66,UPI
CUST_00074,1070,15,6,9,0.4,6602.81,UPI
CUST_00075,1248,13,13,0,1.0,352.9,Card
CUST_00076,856,20,20,0,1.0,3925.82,Card
CUST_00077,1215,10,4,6,0.4,2347.09,Wallet
CUST_00078,1376,79,59,20,0.7468,1791.3,NetBanking
CUST_00079,564,31,30,1,0.9677,2354.85,NetBanking
CUST_00080,518,38,23,15,0.6053,549.33,Card
CUST_00081,1405,43,41,2,0.9535,1893.59,NetBanking
CUST_00082,178,6,4,2,0.6667,2835.51,UPI
CUST_00083,180,73,34,39,0.4658,6213.79,NetBanking
CUST_00084,301,49,18,31,0.3673,1536.42,Card
CUST_00085,786,41,17,24,0.4146,1253.95,Wallet
CUST_00086,1142,43,12,31,0.2791,1554.28,NetBanking
CUST_00087,1388,18,7,11,0.3889,4191.36,NetBanking
CUST_00088,266,18,16,2,0.8889,2779.78,Card
CUST_00089,587,41,31,10,0.7561,1524.11,Card
CUST_00090,1499,48,27,21,0.5625,3163.03,NetBanking
CUST_00091,1065,67,36,31,0.5373,2363.63,UPI
CUST_00092,219,59,34,25,0.5763,4350.52,UPI
CUST_00093,37,47,22,25,0.4681,1350.95,NetBanking
CUST_00094,360,61,53,8,0.8689,1755.72,Wallet
CUST_00095,1178,6,1,5,0.1667,1678.28,UPI
CUST_00096,1445,24,24,0,1.0,792.78,UPI
CUST_00097,786,79,58,21,0.7342,2717.0,Card
CUST_00098,910,21,7,14,0.3333,2651.12,NetBanking
CUST_00099,776,10,8,2,0.8,2216.27,Card
CUST_00100,1426,36,31,5,0.8611,1873.92,UPI
CUST_00101,754,76,48,28,0.6316,819.95,Card
CUST_00102,514,25,12,13,0.48,1645.09,Wallet
CUST_00103,80,27,18,9,0.6667,1737.32,Wallet
CUST_00104,1401,36,18,18,0.5,1259.42,Card
CUST_00105,1466,18,11,7,0.6111,1972.58,UPI
CUST_00106,993,33,15,18,0.4545,2930.23,Wallet
CUST_00107,746,44,27,17,0.6136,8269.51,Card
CUST_00108,78,29,20,9,0.6897,2495.4,NetBanking
CUST_00109,600,13,7,6,0.5385,2644.63,NetBanking
CUST_00110,1343,70,46,24,0.6571,2096.21,NetBanking
CUST_00111,86,19,19,0,1.0,576.43,NetBanking
CUST_00112,395,79,39,40,0.4937,2167.74,UPI
CUST_00113,252,60,40,20,0.6667,2303.45,NetBanking
CUST_00114,923,70,28,42,0.4,12385.35,Wallet
CUST_00115,1210,29,16,13,0.5517,1930.14,UPI
CUST_00116,1481,60,18,42,0.3,2727.34,Card
CUST_00117,775,60,22,38,0.3667,2155.34,NetBanking
CUST_00118,1306,45,20,25,0.4444,974.5,NetBanking
CUST_00119,1068,44,39,5,0.8864,4914.65,NetBanking
CUST_00120,854,42,29,13,0.6905,3738.18,Card
CUST_00121,422,58,41,17,0.7069,3841.9,Card
CUST_00122,1290,77,42,35,0.5455,1168.44,Wallet
CUST_00123,1152,5,3,2,0.6,5895.57,NetBanking
CUST_00124,460,60,55,5,0.9167,827.74,NetBanking
CUST_00125,982,61,46,15,0.7541,3330.24,Card
CUST_00126,1076,65,29,36,0.4462,10232.45,UPI
CUST_00127,611,70,63,7,0.9,1103.92,NetBanking
CUST_00128,221,35,31,4,0.8857,1485.63,NetBanking
CUST_00129,490,30,13,17,0.4333,2367.89,UPI
CUST_00130,124,36,25,11,0.6944,1552.41,UPI
CUST_00131,962,58,57,1,0.9828,745.86,Card
CUST_00132,1456,54,47,7,0.8704,2316.92,Wallet
CUST_00133,529,23,6,17,0.2609,1049.83,UPI
CUST_00134,900,33,14,19,0.4242,3076.4,Wallet
CUST_00135,132,76,37,39,0.4868,1160.26,UPI
CUST_00136,964,22,20,2,0.9091,6535.17,NetBanking
CUST_00137,936,69,47,22,0.6812,1276.3,Wallet
CUST_00138,355,65,47,18,0.7231,1762.62,NetBanking
CUST_00139,536,40,36,4,0.9,3902.85,Wallet
CUST_00140,1313,35,18,17,0.5143,932.99,Wallet
CUST_00141,188,41,19,22,0.4634,2589.5,NetBanking
CUST_00142,717,45,18,27,0.4,5513.75,Card
CUST_00143,338,34,22,12,0.6471,716.77,Card
CUST_00144,1476,32,11,21,0.3438,2513.03,Wallet
CUST_00145,864,47,43,4,0.9149,2648.95,Wallet
CUST_00146,157,31,22,9,0.7097,3817.21,Wallet
CUST_00147,1226,7,6,1,0.8571,929.02,Wallet
CUST_00148,1006,5,3,2,0.6,876.28,NetBanking
CUST_00149,828,58,51,7,0.8793,3182.3,Card
CUST_00150,1029,33,17,16,0.5152,2718.65,Wallet
CUST_00151,1024,8,5,3,0.625,2631.59,NetBanking
CUST_00152,1399,56,26,30,0.4643,2814.43,Wallet
CUST_00153,291,73,22,51,0.3014,1371.94,Wallet
CUST_00154,1242,77,65,12,0.8442,2598.21,UPI
CUST_00155,201,59,25,34,0.4237,2711.21,Wallet
CUST_00156,402,11,7,4,0.6364,1339.37,Wallet
CUST_00157,700,32,23,9,0.7188,8152.19,NetBanking
CUST_00158,721,53,32,21,0.6038,3076.92,Wallet
CUST_00159,546,15,11,4,0.7333,959.19,UPI
CUST_00160,1134,11,8,3,0.7273,3496.74,Card
CUST_00161,1361,13,13,0,1.0,1116.24,UPI
CUST_00162,93,36,16,20,0.4444,3831.3,UPI
CUST_00163,1302,24,14,10,0.5833,4969.21,Card
CUST_00164,999,19,14,5,0.7368,1243.3,Card
CUST_00165,982,37,35,2,0.9459,4334.51,NetBanking
CUST_00166,373,19,17,2,0.8947,2948.19,Card
CUST_00167,667,18,14,4,0.7778,3926.26,UPI
CUST_00168,668,78,66,12,0.8462,8331.14,Wallet
CUST_00169,842,30,11,19,0.3667,1859.81,Card
CUST_00170,238,43,19,24,0.4419,1302.95,UPI
CUST_00171,741,73,48,25,0.6575,1184.81,NetBanking
CUST_00172,171,69,61,8,0.8841,1247.54,NetBanking
CUST_00173,55,58,48,10,0.8276,2092.32,UPI
CUST_00174,917,51,44,7,0.8627,2804.01,Card
CUST_00175,921,27,24,3,0.8889,2680.3,NetBanking
CUST_00176,1291,73,70,3,0.9589,3940.36,Wallet
CUST_00177,982,60,55,5,0.9167,2228.54,NetBanking
CUST_00178,690,36,36,0,1.0,6108.73,UPI
CUST_00179,601,62,33,29,0.5323,1834.89,Wallet
CUST_00180,1197,53,36,17,0.6792,14825.71,UPI
CUST_00181,1042,46,24,22,0.5217,3421.95,Wallet
CUST_00182,464,50,31,19,0.62,1211.95,NetBanking
CUST_00183,602,40,29,11,0.725,1043.54,UPI
CUST_00184,1088,29,10,19,0.3448,3095.58,Card
CUST_00185,862,67,55,12,0.8209,1888.57,Card
CUST_00186,1444,65,60,5,0.9231,3640.22,Wallet
CUST_00187,947,7,2,5,0.2857,3075.63,NetBanking
CUST_00188,483,56,31,25,0.5536,2098.59,NetBanking
CUST_00189,1389,79,46,33,0.5823,1220.78,Wallet
CUST_00190,1163,72,43,29,0.5972,764.79,Wallet
CUST_00191,1157,47,36,11,0.766,1615.56,Wallet
CUST_00192,584,44,29,15,0.6591,4021.78,Card
CUST_00193,277,29,18,11,0.6207,2565.39,UPI
CUST_00194,1127,28,14,14,0.5,923.33,Card
CUST_00195,1021,40,35,5,0.875,2492.96,NetBanking
CUST_00196,235,29,17,12,0.5862,2892.05,Card
CUST_00197,769,27,17,10,0.6296,1189.51,UPI
CUST_00198,1480,73,29,44,0.3973,2459.24,NetBanking
CUST_00199,123,11,11,0,1.0,2300.19,NetBanking
CUST_00200,1458,21,21,0,1.0,992.2,UPI
CUST_00201,55,78,41,37,0.5256,2836.85,Wallet
CUST_00202,1010,61,39,22,0.6393,3270.01,Card
CUST_00203,135,37,26,11,0.7027,4713.26,UPI
CUST_00204,163,56,47,9,0.8393,4617.74,UPI
CUST_00205,1211,11,5,6,0.4545,841.87,Card
CUST_00206,1182,43,17,26,0.3953,1145.42,Card
CUST_00207,272,76,70,6,0.9211,3166.95,Wallet
CUST_00208,1271,33,33,0,1.0,3164.18,Wallet
CUST_00209,952,61,37,24,0.6066,3166.98,Wallet
CUST_00210,655,77,62,15,0.8052,32758.31,UPI
CUST_00211,1278,17,17,0,1.0,3293.23,Card
CUST_00212,1311,32,17,15,0.5312,4889.75,UPI
CUST_00213,351,35,15,20,0.4286,4306.16,UPI
CUST_00214,350,5,4,1,0.8,3484.13,Wallet
CUST_00215,1441,65,37,28,0.5692,1771.02,UPI
CUST_00216,504,41,34,7,0.8293,3756.63,NetBanking
CUST_00217,1469,63,22,41,0.3492,1285.65,Card
CUST_00218,571,80,66,14,0.825,1871.0,Card
CUST_00219,900,19,13,6,0.6842,1572.22,Card
CUST_00220,1356,24,15,9,0.625,2338.61,Card
CUST_00221,176,12,5,7,0.4167,11161.89,NetBanking
CUST_00222,1248,77,41,36,0.5325,597.6,Wallet
CUST_00223,284,64,63,1,0.9844,3570.22,NetBanking
CUST_00224,1463,56,33,23,0.5893,714.15,Wallet
CUST_00225,926,15,13,2,0.8667,1587.07,UPI
CUST_00226,914,46,29,17,0.6304,4732.77,UPI
CUST_00227,217,34,31,3,0.9118,2309.98,UPI
CUST_00228,1406,39,29,10,0.7436,1038.55,UPI
CUST_00229,388,65,52,13,0.8,1338.48,Wallet
CUST_00230,599,28,26,2,0.9286,3553.61,Wallet
CUST_00231,1330,67,25,42,0.3731,1324.44,Wallet
CUST_00232,742,57,38,19,0.6667,2569.64,NetBanking
CUST_00233,1402,18,18,0,1.0,2279.93,Card
CUST_00234,705,57,48,9,0.8421,1399.51,NetBanking
CUST_00235,1386,56,51,5,0.9107,9904.66,UPI
CUST_00236,961,16,9,7,0.5625,3441.78,NetBanking
CUST_00237,692,19,17,2,0.8947,535.07,Wallet
CUST_00238,1083,5,5,0,1.0,2516.23,Wallet
CUST_00239,876,11,6,5,0.5455,1389.57,NetBanking
CUST_00240,1305,68,60,8,0.8824,4010.63,Wallet
CUST_00241,135,31,17,14,0.5484,1268.05,Card
CUST_00242,619,61,49,12,0.8033,2037.92,UPI
CUST_00243,89,35,32,3,0.9143,3144.75,Card
CUST_00244,666,75,22,53,0.2933,4048.2,Wallet
CUST_00245,220,33,12,21,0.3636,953.17,Wallet
CUST_00246,270,24,22,2,0.9167,1747.34,NetBanking
CUST_00247,1072,39,24,15,0.6154,1583.73,Wallet
CUST_00248,997,36,24,12,0.6667,1397.82,Card
CUST_00249,815,29,27,2,0.931,7599.35,Card
CUST_00250,172,40,36,4,0.9,2932.14,Wallet
CUST_00251,726,69,37,32,0.5362,913.59,UPI
CUST_00252,609,43,43,0,1.0,4198.59,Card
CUST_00253,944,73,51,22,0.6986,9754.75,NetBanking
CUST_00254,710,75,70,5,0.9333,4549.29,Wallet
CUST_00255,962,46,25,21,0.5435,762.38,Card
CUST_00256,1201,54,30,24,0.5556,1573.47,Wallet
CUST_00257,119,45,43,2,0.9556,5360.64,Wallet
CUST_00258,820,24,22,2,0.9167,1345.65,UPI
CUST_00259,288,69,57,12,0.8261,3012.95,NetBanking
CUST_00260,235,61,24,37,0.3934,3798.05,Wallet
CUST_00261,61,23,19,4,0.8261,1154.18,Card
CUST_00262,183,65,35,30,0.5385,2118.22,NetBanking
CUST_00263,1306,55,21,34,0.3818,228.4,NetBanking
CUST_00264,1411,73,45,28,0.6164,1078.07,NetBanking
CUST_00265,1313,67,54,13,0.806,1850.48,UPI
CUST_00266,1294,13,6,7,0.4615,922.01,NetBanking
CUST_00267,495,16,10,6,0.625,6923.58,UPI
CUST_00268,1327,17,12,5,0.7059,811.51,Card
CUST_00269,1451,43,13,30,0.3023,1622.9,UPI
CUST_00270,694,12,7,5,0.5833,2419.99,NetBanking
CUST_00271,797,60,27,33,0.45,6056.52,Card
CUST_00272,1117,57,53,4,0.9298,808.27,Card
CUST_00273,378,27,10,17,0.3704,4985.13,Wallet
CUST_00274,1299,35,25,10,0.7143,2224.22,Card
CUST_00275,505,64,59,5,0.9219,1110.92,NetBanking
CUST_00276,971,37,32,5,0.8649,3051.76,UPI
CUST_00277,982,41,33,8,0.8049,2538.53,Card
CUST_00278,181,61,40,21,0.6557,1450.77,NetBanking
CUST_00279,1338,59,33,26,0.5593,2318.93,Wallet
CUST_00280,648,30,21,9,0.7,1686.28,Wallet
CUST_00281,248,35,22,13,0.6286,2390.99,NetBanking
CUST_00282,1207,42,34,8,0.8095,3510.42,NetBanking
CUST_00283,74,55,33,22,0.6,6702.34,UPI
CUST_00284,1189,11,10,1,0.9091,928.46,NetBanking
CUST_00285,501,50,29,21,0.58,9829.3,Card
CUST_00286,1301,37,32,5,0.8649,563.15,Card
CUST_00287,1316,17,15,2,0.8824,1985.75,UPI
CUST_00288,662,61,20,41,0.3279,3333.65,NetBanking
CUST_00289,299,16,8,8,0.5,2688.38,NetBanking
CUST_00290,880,27,14,13,0.5185,1428.11,Card
CUST_00291,1134,51,48,3,0.9412,1908.96,NetBanking
CUST_00292,366,37,37,0,1.0,1563.84,Wallet
CUST_00293,634,48,21,27,0.4375,1461.83,Wallet
CUST_00294,184,23,13,10,0.5652,4002.69,Wallet
CUST_00295,1171,51,20,31,0.3922,2835.32,Wallet
CUST_00296,58,38,28,10,0.7368,1359.62,UPI
CUST_00297,961,52,31,21,0.5962,4145.26,Wallet
CUST_00298,1337,52,21,31,0.4038,2738.35,Card
CUST_00299,995,8,6,2,0.75,3901.06,NetBanking
CUST_00300,1279,33,29,4,0.8788,3431.46,UPI
CUST_00301,1331,64,63,1,0.9844,1236.08,NetBanking
CUST_00302,1359,57,24,33,0.4211,1492.0,Card
CUST_00303,122,9,6,3,0.6667,3726.06,Wallet
CUST_00304,267,17,8,9,0.4706,3385.51,Card
CUST_00305,825,63,41,22,0.6508,2176.27,Wallet
CUST_00306,1232,24,20,4,0.8333,2397.37,UPI
CUST_00307,1032,57,34,23,0.5965,5401.14,UPI
CUST_00308,1443,52,28,24,0.5385,1459.57,Wallet
CUST_00309,940,35,21,14,0.6,3238.83,UPI
CUST_00310,1434,52,49,3,0.9423,1916.9,NetBanking
CUST_00311,154,55,33,22,0.6,1896.23,Card
CUST_00312,280,63,23,40,0.3651,4765.43,Card
CUST_00313,1344,7,2,5,0.2857,3935.49,NetBanking
CUST_00314,528,21,12,9,0.5714,3902.83,UPI
CUST_00315,1165,31,27,4,0.871,5507.33,Card
CUST_00316,507,47,23,24,0.4894,2241.06,UPI
CUST_00317,597,23,10,13,0.4348,3559.47,NetBanking
CUST_00318,387,19,15,4,0.7895,1777.23,UPI
CUST_00319,299,6,3,3,0.5,2770.87,Card
CUST_00320,1235,46,14,32,0.3043,2016.06,Card
CUST_00321,573,11,5,6,0.4545,2363.5,Wallet
CUST_00322,1107,19,16,3,0.8421,3349.65,UPI
CUST_00323,1005,62,41,21,0.6613,1245.44,UPI
CUST_00324,955,69,34,35,0.4928,9553.58,UPI
CUST_00325,1379,71,40,31,0.5634,1092.02,Wallet
CUST_00326,1347,8,2,6,0.25,943.95,Wallet
CUST_00327,852,59,23,36,0.3898,4967.53,Wallet
CUST_00328,1488,61,22,39,0.3607,3843.6,UPI
CUST_00329,689,23,8,15,0.3478,3418.25,Card
CUST_00330,593,79,58,21,0.7342,3428.38,NetBanking
CUST_00331,810,72,39,33,0.5417,2189.5,Wallet
CUST_00332,1065,60,24,36,0.4,1178.41,UPI
CUST_00333,1370,75,68,7,0.9067,2328.69,Card
CUST_00334,910,62,32,30,0.5161,1374.69,Wallet
CUST_00335,724,63,43,20,0.6825,4370.29,Wallet
CUST_00336,224,45,40,5,0.8889,1992.33,NetBanking
CUST_00337,1392,37,22,15,0.5946,1239.11,Card
CUST_00338,1436,65,23,42,0.3538,1763.45,UPI
CUST_00339,204,16,10,6,0.625,2948.5,UPI
CUST_00340,793,21,7,14,0.3333,1488.3,NetBanking
CUST_00341,1402,20,12,8,0.6,1241.96,NetBanking
CUST_00342,1392,59,20,39,0.339,2619.09,NetBanking
CUST_00343,1259,44,35,9,0.7955,2621.43,UPI
CUST_00344,1213,69,33,36,0.4783,1548.65,Card
CUST_00345,1374,66,33,33,0.5,1588.07,UPI
CUST_00346,747,76,45,31,0.5921,2597.84,UPI
CUST_00347,600,78,37,41,0.4744,801.38,Wallet
CUST_00348,1178,76,23,53,0.3026,824.5,NetBanking
CUST_00349,89,28,16,12,0.5714,1335.54,NetBanking
CUST_00350,725,49,14,35,0.2857,1901.86,Card
CUST_00351,323,77,65,12,0.8442,2745.27,Wallet
CUST_00352,172,23,6,17,0.2609,6202.76,UPI
CUST_00353,1116,32,21,11,0.6562,4025.33,Wallet
CUST_00354,959,48,24,24,0.5,1974.45,NetBanking
CUST_00355,668,46,18,28,0.3913,2179.15,UPI
CUST_00356,348,25,8,17,0.32,1094.69,UPI
CUST_00357,587,61,60,1,0.9836,2179.91,Wallet
CUST_00358,1024,61,44,17,0.7213,1804.32,NetBanking
CUST_00359,471,70,28,42,0.4,2768.06,NetBanking
CUST_00360,910,19,9,10,0.4737,1237.61,Wallet
CUST_00361,1109,44,15,29,0.3409,3176.52,Card
CUST_00362,839,12,3,9,0.25,6456.98,Card
CUST_00363,647,32,13,19,0.4062,2046.46,NetBanking
CUST_00364,622,46,20,26,0.4348,2925.43,UPI
CUST_00365,1048,60,29,31,0.4833,3579.94,Card
CUST_00366,808,73,66,7,0.9041,1667.61,Card
CUST_00367,1054,76,75,1,0.9868,2583.41,NetBanking
CUST_00368,177,55,18,37,0.3273,2227.9,Wallet
CUST_00369,68,63,22,41,0.3492,2364.62,NetBanking
CUST_00370,1209,59,53,6,0.8983,1285.49,Wallet
CUST_00371,1483,58,35,23,0.6034,2246.56,UPI
CUST_00372,859,7,4,3,0.5714,3129.41,Card
CUST_00373,1295,63,62,1,0.9841,6098.51,NetBanking
CUST_00374,210,60,24,36,0.4,4322.07,Card
CUST_00375,922,80,49,31,0.6125,9968.92,UPI
CUST_00376,840,44,34,10,0.7727,1290.59,Card
CUST_00377,712,26,9,17,0.3462,4066.85,UPI
CUST_00378,1116,70,33,37,0.4714,2510.76,NetBanking
CUST_00379,749,23,13,10,0.5652,10227.77,UPI
CUST_00380,329,37,17,20,0.4595,1254.12,Card
CUST_00381,1263,24,9,15,0.375,1226.84,Card
CUST_00382,1316,68,49,19,0.7206,1451.61,Wallet
CUST_00383,1424,77,64,13,0.8312,499.33,NetBanking
CUST_00384,1314,45,22,23,0.4889,1528.39,Wallet
CUST_00385,169,65,47,18,0.7231,1298.04,NetBanking
CUST_00386,592,80,27,53,0.3375,2453.51,NetBanking
CUST_00387,1069,14,8,6,0.5714,2805.2,Wallet
CUST_00388,955,9,2,7,0.2222,8211.74,NetBanking
CUST_00389,617,14,14,0,1.0,4295.39,UPI
CUST_00390,1289,69,44,25,0.6377,1474.64,Wallet
CUST_00391,1218,75,72,3,0.96,1177.45,UPI
CUST_00392,951,78,64,14,0.8205,3116.12,Card
CUST_00393,688,65,51,14,0.7846,876.41,Card
CUST_00394,156,62,24,38,0.3871,7958.7,NetBanking
CUST_00395,1492,15,12,3,0.8,5042.25,Card
CUST_00396,110,36,32,4,0.8889,1590.14,Wallet
CUST_00397,929,72,54,18,0.75,665.68,Card
CUST_00398,775,52,33,19,0.6346,5697.09,Wallet
CUST_00399,867,48,17,31,0.3542,2038.2,NetBanking
CUST_00400,164,47,20,27,0.4255,5252.56,Wallet
CUST_00401,611,37,34,3,0.9189,723.36,Card
CUST_00402,712,15,13,2,0.8667,1451.62,Card
CUST_00403,746,44,38,6,0.8636,2216.47,Card
CUST_00404,1248,15,8,7,0.5333,2282.18,Wallet
CUST_00405,1347,47,22,25,0.4681,1611.55,UPI
CUST_00406,1353,59,49,10,0.8305,3415.21,NetBanking
CUST_00407,67,51,34,17,0.6667,1045.93,Card
CUST_00408,468,48,45,3,0.9375,1998.86,Card
CUST_00409,493,22,10,12,0.4545,2402.36,UPI
CUST_00410,635,17,13,4,0.7647,3165.63,UPI
CUST_00411,1385,48,22,26,0.4583,3634.15,Wallet
CUST_00412,345,25,12,13,0.48,1005.01,Card
CUST_00413,926,10,9,1,0.9,754.55,NetBanking
CUST_00414,1415,35,24,11,0.6857,5401.19,NetBanking
CUST_00415,949,34,27,7,0.7941,2786.72,Card
CUST_00416,663,65,31,34,0.4769,1307.74,NetBanking
CUST_00417,1419,78,51,27,0.6538,6540.75,Wallet
CUST_00418,607,53,47,6,0.8868,2394.6,Wallet
CUST_00419,361,30,28,2,0.9333,5041.75,Card
CUST_00420,542,11,10,1,0.9091,2315.23,NetBanking
CUST_00421,1165,18,16,2,0.8889,9344.32,UPI
CUST_00422,613,15,6,9,0.4,7545.74,NetBanking
CUST_00423,950,70,30,40,0.4286,1855.16,Wallet
CUST_00424,217,33,23,10,0.697,4359.44,NetBanking
CUST_00425,84,58,20,38,0.3448,3469.49,Wallet
CUST_00426,1058,52,30,22,0.5769,5756.25,Wallet
CUST_00427,197,52,29,23,0.5577,1123.89,UPI
CUST_00428,682,17,16,1,0.9412,3569.7,NetBanking
CUST_00429,329,22,7,15,0.3182,4632.71,NetBanking
CUST_00430,997,22,21,1,0.9545,644.76,Wallet
CUST_00431,1290,5,1,4,0.2,964.61,UPI
CUST_00432,554,32,13,19,0.4062,529.82,Wallet
CUST_00433,257,41,19,22,0.4634,1828.8,NetBanking
CUST_00434,279,11,6,5,0.5455,3649.26,Wallet
CUST_00435,1338,63,22,41,0.3492,6321.11,UPI
CUST_00436,1053,73,22,51,0.3014,2325.91,Card
CUST_00437,324,42,25,17,0.5952,6905.21,UPI
CUST_00438,1289,50,30,20,0.6,840.44,Wallet
CUST_00439,413,15,12,3,0.8,670.24,NetBanking
CUST_00440,168,72,55,17,0.7639,2124.13,UPI
CUST_00441,829,65,21,44,0.3231,2889.52,Wallet
CUST_00442,794,37,34,3,0.9189,2158.38,UPI
CUST_00443,761,13,8,5,0.6154,519.46,Card
CUST_00444,1375,18,17,1,0.9444,2074.79,NetBanking
CUST_00445,303,10,8,2,0.8,886.14,NetBanking
CUST_00446,1346,27,22,5,0.8148,3529.0,Wallet
CUST_00447,1323,28,12,16,0.4286,2854.41,UPI
CUST_00448,1496,63,20,43,0.3175,1143.77,NetBanking
CUST_00449,442,10,6,4,0.6,1541.16,UPI
CUST_00450,676,44,38,6,0.8636,1052.11,Wallet
CUST_00451,548,9,5,4,0.5556,2113.55,NetBanking
CUST_00452,761,11,8,3,0.7273,4309.6,NetBanking
CUST_00453,284,52,42,10,0.8077,1107.65,Wallet
CUST_00454,930,54,37,17,0.6852,3142.68,Card
CUST_00455,1046,68,43,25,0.6324,1523.58,NetBanking
CUST_00456,199,59,22,37,0.3729,1267.74,Wallet
CUST_00457,1263,28,25,3,0.8929,2048.94,NetBanking
CUST_00458,687,18,6,12,0.3333,1069.91,NetBanking
CUST_00459,1383,42,21,21,0.5,1498.84,Wallet
CUST_00460,1264,59,27,32,0.4576,954.78,Wallet
CUST_00461,749,62,20,42,0.3226,8736.87,NetBanking
CUST_00462,1289,60,35,25,0.5833,2263.54,UPI
CUST_00463,183,56,39,17,0.6964,1353.15,Card
CUST_00464,93,23,20,3,0.8696,2565.19,UPI
CUST_00465,288,13,6,7,0.4615,2041.36,NetBanking
CUST_00466,771,54,52,2,0.963,1891.87,UPI
CUST_00467,1269,24,21,3,0.875,3394.52,NetBanking
CUST_00468,791,61,22,39,0.3607,3752.79,Card
CUST_00469,1114,51,40,11,0.7843,1523.32,NetBanking
CUST_00470,1360,40,19,21,0.475,1475.76,UPI
CUST_00471,83,28,23,5,0.8214,1821.59,Wallet
CUST_00472,1180,20,10,10,0.5,440.83,NetBanking
CUST_00473,1471,62,31,31,0.5,764.61,NetBanking
CUST_00474,1451,67,32,35,0.4776,5749.18,UPI
CUST_00475,307,14,11,3,0.7857,6984.7,Card
CUST_00476,1490,61,23,38,0.377,1855.06,NetBanking
CUST_00477,1397,49,18,31,0.3673,3306.32,NetBanking
CUST_00478,644,25,12,13,0.48,2745.93,NetBanking
CUST_00479,1071,33,12,21,0.3636,19057.51,Card
CUST_00480,314,35,35,0,1.0,4835.32,Wallet
CUST_00481,83,51,50,1,0.9804,2019.2,NetBanking
CUST_00482,987,75,30,45,0.4,1131.3,UPI
CUST_00483,164,44,38,6,0.8636,717.3,Wallet
CUST_00484,1106,57,43,14,0.7544,2546.37,UPI
CUST_00485,286,45,17,28,0.3778,1300.57,Wallet
CUST_00486,984,71,43,28,0.6056,816.01,Card
CUST_00487,1159,80,35,45,0.4375,1404.45,Card
CUST_00488,916,69,23,46,0.3333,1035.79,UPI
CUST_00489,1091,24,16,8,0.6667,7193.97,Card
CUST_00490,361,46,27,19,0.587,4093.47,NetBanking
CUST_00491,1092,41,39,2,0.9512,2196.06,UPI
CUST_00492,543,30,29,1,0.9667,6222.71,NetBanking
CUST_00493,286,43,17,26,0.3953,2331.25,Card
CUST_00494,1242,79,32,47,0.4051,1208.46,Card
CUST_00495,1379,48,16,32,0.3333,6413.67,UPI
CUST_00496,196,10,7,3,0.7,3220.32,Card
CUST_00497,1201,58,56,2,0.9655,1068.41,UPI
CUST_00498,1049,74,40,34,0.5405,1932.87,NetBanking
CUST_00499,1019,36,35,1,0.9722,1196.39,Wallet
CUST_00500,639,63,22,41,0.3492,838.86,UPI
CUST_00501,353,61,44,17,0.7213,4223.1,Wallet
CUST_00502,981,31,19,12,0.6129,8405.08,Card
CUST_00503,670,45,35,10,0.7778,829.65,Wallet
CUST_00504,297,52,47,5,0.9038,3275.02,UPI
CUST_00505,683,35,24,11,0.6857,1400.45,UPI
CUST_00506,577,62,33,29,0.5323,1570.28,Card
CUST_00507,228,11,7,4,0.6364,1458.73,Wallet
CUST_00508,1290,58,32,26,0.5517,1206.17,Card
CUST_00509,700,78,69,9,0.8846,2284.64,NetBanking
CUST_00510,418,25,22,3,0.88,1234.39,Wallet
CUST_00511,1051,44,44,0,1.0,2668.63,UPI
CUST_00512,214,55,48,7,0.8727,2132.04,Wallet
CUST_00513,523,32,27,5,0.8438,1868.21,NetBanking
CUST_00514,129,11,7,4,0.6364,1169.94,Wallet
CUST_00515,1253,65,37,28,0.5692,1474.77,UPI
CUST_00516,250,60,26,34,0.4333,3747.24,NetBanking
CUST_00517,779,56,39,17,0.6964,3135.81,UPI
CUST_00518,850,11,11,0,1.0,1114.0,Card
CUST_00519,772,75,40,35,0.5333,2367.36,UPI
CUST_00520,821,69,48,21,0.6957,3736.75,NetBanking
CUST_00521,1306,20,8,12,0.4,686.37,UPI
CUST_00522,836,52,36,16,0.6923,3230.37,NetBanking
CUST_00523,325,30,28,2,0.9333,1388.76,Wallet
CUST_00524,1054,10,3,7,0.3,3292.55,UPI
CUST_00525,310,47,44,3,0.9362,1294.29,Wallet
CUST_00526,335,70,29,41,0.4143,624.27,NetBanking
CUST_00527,1285,45,23,22,0.5111,706.78,Wallet
CUST_00528,1292,43,33,10,0.7674,2283.94,Wallet
CUST_00529,1481,77,42,35,0.5455,2648.65,Wallet
CUST_00530,64,52,36,16,0.6923,1172.6,UPI
CUST_00531,883,79,42,37,0.5316,3453.06,UPI
CUST_00532,1252,65,35,30,0.5385,690.17,Card
CUST_00533,135,79,53,26,0.6709,2108.53,Card
CUST_00534,1103,53,24,29,0.4528,946.04,Card
CUST_00535,94,78,67,11,0.859,1399.28,UPI
CUST_00536,420,7,5,2,0.7143,2282.85,NetBanking
CUST_00537,887,24,20,4,0.8333,1209.2,Card
CUST_00538,870,69,69,0,1.0,1687.18,Wallet
CUST_00539,157,22,22,0,1.0,4466.7,Card
CUST_00540,1178,46,43,3,0.9348,1474.65,Wallet
CUST_00541,672,27,22,5,0.8148,3963.9,NetBanking
CUST_00542,1148,50,31,19,0.62,1001.45,Wallet
CUST_00543,423,36,18,18,0.5,3199.86,NetBanking
CUST_00544,490,43,30,13,0.6977,6057.78,Card
CUST_00545,1443,67,40,27,0.597,391.45,Wallet
CUST_00546,744,76,72,4,0.9474,1264.17,NetBanking
CUST_00547,619,20,15,5,0.75,3307.51,Wallet
CUST_00548,838,49,23,26,0.4694,1915.76,NetBanking
CUST_00549,116,41,34,7,0.8293,2863.51,UPI
CUST_00550,739,61,59,2,0.9672,1446.95,NetBanking
CUST_00551,1011,32,15,17,0.4688,2346.34,NetBanking
CUST_00552,1181,39,15,24,0.3846,1980.34,UPI
CUST_00553,1290,80,39,41,0.4875,5001.27,Card
CUST_00554,133,72,35,37,0.4861,2638.84,Card
CUST_00555,137,17,11,6,0.6471,2797.05,NetBanking
CUST_00556,1499,65,25,40,0.3846,1655.21,Card
CUST_00557,40,75,32,43,0.4267,1569.76,Wallet
CUST_00558,1367,65,49,16,0.7538,1631.43,Card
CUST_00559,618,46,31,15,0.6739,2910.61,UPI
CUST_00560,213,78,37,41,0.4744,1644.7,UPI
CUST_00561,388,58,28,30,0.4828,2704.96,UPI
CUST_00562,843,68,31,37,0.4559,9440.65,NetBanking
CUST_00563,106,6,3,3,0.5,4063.45,UPI
CUST_00564,716,41,26,15,0.6341,1757.74,Wallet
CUST_00565,304,69,49,20,0.7101,5119.69,NetBanking
CUST_00566,424,19,10,9,0.5263,1659.63,Card
CUST_00567,969,37,33,4,0.8919,530.23,Card
CUST_00568,58,48,32,16,0.6667,1090.44,Card
CUST_00569,389,56,43,13,0.7679,596.12,NetBanking
CUST_00570,207,56,22,34,0.3929,1726.65,Card
CUST_00571,317,66,39,27,0.5909,2237.0,Card
CUST_00572,43,38,23,15,0.6053,7140.27,Card
CUST_00573,944,39,21,18,0.5385,2776.23,NetBanking
CUST_00574,1222,78,23,55,0.2949,1894.35,NetBanking
CUST_00575,1368,51,30,21,0.5882,3946.5,UPI
CUST_00576,1397,20,13,7,0.65,469.75,NetBanking
CUST_00577,357,56,48,8,0.8571,2604.33,NetBanking
CUST_00578,1443,20,16,4,0.8,3788.05,NetBanking
CUST_00579,782,33,16,17,0.4848,784.46,Card
CUST_00580,1009,24,21,3,0.875,4917.86,NetBanking
CUST_00581,881,75,52,23,0.6933,2798.8,Card
CUST_00582,536,15,12,3,0.8,1651.27,Wallet
CUST_00583,1111,51,19,32,0.3725,3439.04,UPI
CUST_00584,156,75,54,21,0.72,10823.61,Card
CUST_00585,1202,73,30,43,0.411,2508.16,Card
CUST_00586,701,71,49,22,0.6901,2627.41,UPI
CUST_00587,1423,31,31,0,1.0,1601.1,Wallet
CUST_00588,216,70,49,21,0.7,1218.17,UPI
CUST_00589,958,21,19,2,0.9048,3949.07,Wallet
CUST_00590,1184,12,11,1,0.9167,1212.87,Wallet
CUST_00591,1407,44,14,30,0.3182,2321.8,Wallet
CUST_00592,551,5,2,3,0.4,1580.73,UPI
CUST_00593,122,59,39,20,0.661,3088.02,UPI
CUST_00594,1138,12,4,8,0.3333,2789.35,Wallet
CUST_00595,94,41,25,16,0.6098,4565.48,Card
CUST_00596,307,58,40,18,0.6897,1545.32,Wallet
CUST_00597,948,53,39,14,0.7358,1828.2,UPI
CUST_00598,1428,74,30,44,0.4054,1113.06,NetBanking
CUST_00599,272,27,25,2,0.9259,1618.08,Wallet
CUST_00600,1113,21,13,8,0.619,2875.87,UPI
CUST_00601,76,43,41,2,0.9535,3751.43,Wallet
CUST_00602,1119,53,29,24,0.5472,1158.04,Card
CUST_00603,973,49,23,26,0.4694,4059.13,NetBanking
CUST_00604,416,19,5,14,0.2632,5704.13,Wallet
CUST_00605,1289,7,3,4,0.4286,2949.54,Card
CUST_00606,167,17,14,3,0.8235,8215.33,UPI
CUST_00607,944,11,6,5,0.5455,1284.79,UPI
CUST_00608,853,61,32,29,0.5246,924.03,Card
CUST_00609,145,22,22,0,1.0,635.81,NetBanking
CUST_00610,509,78,43,35,0.5513,6293.24,NetBanking
CUST_00611,515,43,21,22,0.4884,3491.39,Card
CUST_00612,876,43,29,14,0.6744,2124.07,UPI
CUST_00613,1170,80,80,0,1.0,2686.46,Card
CUST_00614,1312,59,52,7,0.8814,1004.41,Wallet
CUST_00615,126,49,38,11,0.7755,12234.64,NetBanking
CUST_00616,1456,58,43,15,0.7414,2417.42,Card
CUST_00617,644,53,26,27,0.4906,2384.1,Wallet
CUST_00618,523,33,18,15,0.5455,3670.33,Card
CUST_00619,978,12,11,1,0.9167,3092.41,Wallet
CUST_00620,883,76,55,21,0.7237,2583.03,Card
CUST_00621,825,36,18,18,0.5,1269.87,Card
CUST_00622,706,15,11,4,0.7333,3071.83,NetBanking
CUST_00623,219,73,67,6,0.9178,8245.45,Card
CUST_00624,135,39,23,16,0.5897,5663.48,UPI
CUST_00625,179,29,26,3,0.8966,6736.06,Card
CUST_00626,1011,31,19,12,0.6129,1544.03,NetBanking
CUST_00627,61,32,15,17,0.4688,1104.64,UPI
CUST_00628,1010,36,32,4,0.8889,2022.22,Card
CUST_00629,842,35,27,8,0.7714,2296.19,NetBanking
CUST_00630,609,53,44,9,0.8302,4750.16,NetBanking
CUST_00631,661,38,22,16,0.5789,675.38,Wallet
CUST_00632,984,17,17,0,1.0,6442.59,Wallet
CUST_00633,685,31,20,11,0.6452,1977.12,NetBanking
CUST_00634,877,10,6,4,0.6,1637.92,Card
CUST_00635,63,38,28,10,0.7368,1087.38,Wallet
CUST_00636,634,24,13,11,0.5417,693.4,NetBanking
CUST_00637,501,53,51,2,0.9623,3929.31,Card
CUST_00638,1052,75,63,12,0.84,2324.64,NetBanking
CUST_00639,557,67,66,1,0.9851,895.18,Wallet
CUST_00640,973,26,18,8,0.6923,891.98,Card
CUST_00641,316,74,53,21,0.7162,1745.77,Card
CUST_00642,1140,12,11,1,0.9167,7103.3,UPI
CUST_00643,182,11,3,8,0.2727,1841.41,Wallet
CUST_00644,311,34,12,22,0.3529,771.09,Card
CUST_00645,48,32,25,7,0.7812,1859.35,Wallet
CUST_00646,794,12,12,0,1.0,1824.56,Wallet
CUST_00647,1380,67,21,46,0.3134,334.35,UPI
CUST_00648,1119,75,48,27,0.64,2125.99,UPI
CUST_00649,64,72,67,5,0.9306,1878.72,NetBanking
CUST_00650,1127,41,12,29,0.2927,3595.16,Wallet
CUST_00651,397,18,6,12,0.3333,8056.78,Card
CUST_00652,523,29,27,2,0.931,4859.04,NetBanking
CUST_00653,755,39,36,3,0.9231,1829.46,Wallet
CUST_00654,191,52,40,12,0.7692,1017.83,Wallet
CUST_00655,1187,36,32,4,0.8889,13377.8,Card
CUST_00656,644,15,14,1,0.9333,2301.81,UPI
CUST_00657,221,56,40,16,0.7143,2229.99,Wallet
CUST_00658,1161,65,22,43,0.3385,2171.37,UPI
CUST_00659,1469,26,9,17,0.3462,2536.8,Wallet
CUST_00660,918,47,20,27,0.4255,1996.09,UPI
CUST_00661,500,32,31,1,0.9688,1477.99,Wallet
CUST_00662,585,10,4,6,0.4,1505.98,NetBanking
CUST_00663,1142,77,65,12,0.8442,2158.29,UPI
CUST_00664,397,45,14,31,0.3111,1509.6,Card
CUST_00665,1232,23,18,5,0.7826,1340.78,UPI
CUST_00666,642,25,25,0,1.0,2379.16,Card
CUST_00667,1190,54,50,4,0.9259,1847.37,NetBanking
CUST_00668,816,22,8,14,0.3636,6328.35,NetBanking
CUST_00669,139,17,11,6,0.6471,345.27,Card
CUST_00670,185,48,39,9,0.8125,4741.24,NetBanking
CUST_00671,90,39,36,3,0.9231,5283.05,Wallet
CUST_00672,1034,34,21,13,0.6176,517.3,Wallet
CUST_00673,914,28,26,2,0.9286,1737.35,Wallet
CUST_00674,205,42,37,5,0.881,1702.74,Card
CUST_00675,1490,14,5,9,0.3571,824.47,NetBanking
CUST_00676,345,53,24,29,0.4528,1281.17,Wallet
CUST_00677,678,51,21,30,0.4118,1014.95,UPI
CUST_00678,40,44,41,3,0.9318,7529.54,NetBanking
CUST_00679,582,18,7,11,0.3889,4251.28,UPI
CUST_00680,413,60,46,14,0.7667,5378.09,Wallet
CUST_00681,241,8,2,6,0.25,3659.82,NetBanking
CUST_00682,1165,16,13,3,0.8125,1001.91,NetBanking
CUST_00683,818,6,3,3,0.5,1529.71,Wallet
CUST_00684,824,15,15,0,1.0,3110.57,Card
CUST_00685,1201,71,31,40,0.4366,938.71,Wallet
CUST_00686,377,22,14,8,0.6364,3637.67,NetBanking
CUST_00687,579,68,29,39,0.4265,1866.41,UPI
CUST_00688,372,60,35,25,0.5833,1698.71,Wallet
CUST_00689,643,66,23,43,0.3485,3632.48,NetBanking
CUST_00690,545,36,33,3,0.9167,3013.88,Wallet
CUST_00691,1246,30,23,7,0.7667,1715.27,UPI
CUST_00692,307,43,12,31,0.2791,4971.77,Wallet
CUST_00693,710,53,36,17,0.6792,1036.14,Wallet
CUST_00694,715,60,59,1,0.9833,3398.72,Card
CUST_00695,645,46,25,21,0.5435,3344.83,Wallet
CUST_00696,673,27,20,7,0.7407,1778.13,NetBanking
CUST_00697,626,67,56,11,0.8358,2774.69,Card
CUST_00698,697,53,32,21,0.6038,919.86,Wallet
CUST_00699,777,19,19,0,1.0,4216.75,Card
CUST_00700,1242,74,33,41,0.4459,1940.24,UPI
CUST_00701,975,31,23,8,0.7419,1531.64,NetBanking
CUST_00702,1448,13,9,4,0.6923,4602.28,Wallet
CUST_00703,315,43,27,16,0.6279,1348.78,NetBanking
CUST_00704,1378,24,20,4,0.8333,823.92,Wallet
CUST_00705,181,62,56,6,0.9032,742.75,Wallet
CUST_00706,1222,56,50,6,0.8929,3375.19,Wallet
CUST_00707,1143,9,7,2,0.7778,901.17,UPI
CUST_00708,253,36,31,5,0.8611,7542.85,NetBanking
CUST_00709,370,10,9,1,0.9,514.22,NetBanking
CUST_00710,911,18,5,13,0.2778,7241.04,UPI
CUST_00711,559,33,25,8,0.7576,2559.87,Card
CUST_00712,942,52,40,12,0.7692,2063.79,Wallet
CUST_00713,1421,80,68,12,0.85,1508.03,Card
CUST_00714,736,8,5,3,0.625,2920.16,UPI
CUST_00715,635,58,22,36,0.3793,2150.93,UPI
CUST_00716,320,49,33,16,0.6735,4780.55,NetBanking
CUST_00717,962,31,25,6,0.8065,2392.18,Wallet
CUST_00718,743,65,25,40,0.3846,2453.35,Wallet
CUST_00719,1456,62,38,24,0.6129,1712.09,UPI
CUST_00720,644,10,4,6,0.4,2122.05,UPI
CUST_00721,732,18,15,3,0.8333,2739.31,Card
CUST_00722,529,71,32,39,0.4507,667.06,Card
CUST_00723,707,76,49,27,0.6447,859.43,Wallet
CUST_00724,504,56,56,0,1.0,3715.56,Card
CUST_00725,411,60,43,17,0.7167,2488.92,UPI
CUST_00726,1287,30,23,7,0.7667,1941.49,Wallet
CUST_00727,826,5,2,3,0.4,2237.03,Card
CUST_00728,600,13,12,1,0.9231,2816.66,UPI
CUST_00729,1129,28,19,9,0.6786,1513.48,NetBanking
CUST_00730,433,63,25,38,0.3968,1280.73,NetBanking
CUST_00731,1403,67,53,14,0.791,2532.83,NetBanking
CUST_00732,1252,54,41,13,0.7593,1113.36,UPI
CUST_00733,742,50,44,6,0.88,2938.86,Card
CUST_00734,1409,43,17,26,0.3953,670.61,Card
CUST_00735,671,20,9,11,0.45,4538.76,NetBanking
CUST_00736,269,28,19,9,0.6786,3074.26,Card
CUST_00737,1076,54,42,12,0.7778,2641.81,Card
CUST_00738,1207,54,43,11,0.7963,4393.51,Card
CUST_00739,1026,73,65,8,0.8904,7085.69,Card
CUST_00740,1166,26,22,4,0.8462,4492.03,NetBanking
CUST_00741,317,28,18,10,0.6429,608.74,Wallet
CUST_00742,1298,11,8,3,0.7273,901.71,UPI
CUST_00743,1022,22,12,10,0.5455,1426.0,Wallet
CUST_00744,1180,69,61,8,0.8841,2249.05,Wallet
CUST_00745,867,67,46,21,0.6866,3172.77,Wallet
CUST_00746,1030,26,9,17,0.3462,1328.73,UPI
CUST_00747,481,42,13,29,0.3095,2516.78,NetBanking
CUST_00748,490,73,39,34,0.5342,1301.45,Card
CUST_00749,966,77,70,7,0.9091,1439.34,Wallet
CUST_00750,1155,70,28,42,0.4,824.96,UPI
CUST_00751,578,74,74,0,1.0,1157.17,NetBanking
CUST_00752,1140,10,10,0,1.0,857.33,Card
CUST_00753,900,18,16,2,0.8889,1115.31,Card
CUST_00754,639,9,9,0,1.0,4617.23,NetBanking
CUST_00755,743,16,11,5,0.6875,1136.17,UPI
CUST_00756,515,31,27,4,0.871,13942.09,NetBanking
CUST_00757,1485,59,27,32,0.4576,3119.17,Card
CUST_00758,453,31,10,21,0.3226,2513.38,NetBanking
CUST_00759,1120,40,31,9,0.775,1210.94,Card
CUST_00760,692,42,21,21,0.5,3605.5,NetBanking
CUST_00761,1083,17,7,10,0.4118,1475.94,Wallet
CUST_00762,151,40,39,1,0.975,2405.24,Card
CUST_00763,1466,21,13,8,0.619,13254.06,Card
CUST_00764,1486,46,28,18,0.6087,2064.74,Wallet
CUST_00765,1032,23,14,9,0.6087,4936.89,Wallet
CUST_00766,798,62,22,40,0.3548,1349.89,UPI
CUST_00767,855,70,68,2,0.9714,2154.92,NetBanking
CUST_00768,1452,52,44,8,0.8462,7627.84,Wallet
CUST_00769,700,79,23,56,0.2911,1423.85,UPI
CUST_00770,968,50,19,31,0.38,7853.5,Wallet
CUST_00771,476,59,30,29,0.5085,3624.34,Wallet
CUST_00772,579,46,31,15,0.6739,1489.62,NetBanking
CUST_00773,1150,78,31,47,0.3974,3438.14,Wallet
CUST_00774,733,11,3,8,0.2727,4362.45,UPI
CUST_00775,1312,63,19,44,0.3016,3412.73,UPI
CUST_00776,353,61,47,14,0.7705,735.71,UPI
CUST_00777,906,30,13,17,0.4333,1327.44,NetBanking
CUST_00778,355,40,14,26,0.35,1857.04,NetBanking
CUST_00779,542,15,9,6,0.6,2096.23,Card
CUST_00780,136,55,35,20,0.6364,3410.01,Card
CUST_00781,909,16,15,1,0.9375,2500.86,UPI
CUST_00782,32,32,24,8,0.75,867.19,UPI
CUST_00783,301,80,38,42,0.475,2881.71,Wallet
CUST_00784,49,6,6,0,1.0,3386.02,NetBanking
CUST_00785,276,59,25,34,0.4237,3267.74,Wallet
CUST_00786,175,34,22,12,0.6471,4705.78,UPI
CUST_00787,239,18,10,8,0.5556,3959.0,NetBanking
CUST_00788,642,22,18,4,0.8182,3045.52,Card
CUST_00789,1343,23,8,15,0.3478,2102.5,UPI
CUST_00790,1279,26,21,5,0.8077,690.44,NetBanking
CUST_00791,466,24,20,4,0.8333,2983.14,Wallet
CUST_00792,474,16,5,11,0.3125,2553.91,Card
CUST_00793,282,80,70,10,0.875,2670.72,Wallet
CUST_00794,749,59,37,22,0.6271,903.5,Card
CUST_00795,537,40,32,8,0.8,1036.14,UPI
CUST_00796,538,75,60,15,0.8,4615.65,NetBanking
CUST_00797,1444,8,8,0,1.0,2148.04,NetBanking
CUST_00798,450,71,59,12,0.831,3558.34,Card
CUST_00799,832,42,32,10,0.7619,2252.56,UPI
CUST_00800,520,68,44,24,0.6471,2254.83,UPI
CUST_00801,523,68,60,8,0.8824,4259.04,UPI
CUST_00802,1111,6,3,3,0.5,1538.82,NetBanking
CUST_00803,300,54,52,2,0.963,2362.05,Wallet
CUST_00804,778,74,65,9,0.8784,1597.84,Card
CUST_00805,994,14,4,10,0.2857,1629.21,UPI
CUST_00806,58,38,17,21,0.4474,1778.6,UPI
CUST_00807,153,55,48,7,0.8727,2579.87,NetBanking
CUST_00808,1317,69,69,0,1.0,1579.52,Wallet
CUST_00809,897,56,21,35,0.375,5318.94,Card
CUST_00810,598,15,8,7,0.5333,1180.6,UPI
CUST_00811,1077,31,13,18,0.4194,1937.57,NetBanking
CUST_00812,830,80,64,16,0.8,1623.25,UPI
CUST_00813,665,60,33,27,0.55,6080.76,UPI
CUST_00814,530,16,10,6,0.625,2534.09,UPI
CUST_00815,958,12,7,5,0.5833,4547.31,Card
CUST_00816,274,6,6,0,1.0,780.64,Card
CUST_00817,1466,6,2,4,0.3333,2662.27,Wallet
CUST_00818,740,71,54,17,0.7606,4116.43,NetBanking
CUST_00819,371,52,23,29,0.4423,2339.28,NetBanking
CUST_00820,271,8,4,4,0.5,4655.65,Wallet
CUST_00821,587,72,25,47,0.3472,1537.48,NetBanking
CUST_00822,1488,78,63,15,0.8077,5922.67,UPI
CUST_00823,1046,63,50,13,0.7937,11039.43,NetBanking
CUST_00824,143,68,56,12,0.8235,1713.02,Card
CUST_00825,783,25,15,10,0.6,1616.71,UPI
CUST_00826,1205,19,8,11,0.4211,6108.09,UPI
CUST_00827,120,6,2,4,0.3333,6672.17,UPI
CUST_00828,996,51,39,12,0.7647,1531.49,Card
CUST_00829,396,9,8,1,0.8889,1645.61,Card
CUST_00830,689,36,23,13,0.6389,1813.02,NetBanking
CUST_00831,585,14,13,1,0.9286,861.68,NetBanking
CUST_00832,274,69,63,6,0.913,1160.89,UPI
CUST_00833,397,33,25,8,0.7576,1093.46,UPI
CUST_00834,851,13,10,3,0.7692,1290.19,NetBanking
CUST_00835,666,46,18,28,0.3913,2155.38,Wallet
CUST_00836,46,52,27,25,0.5192,2601.78,NetBanking
CUST_00837,1184,43,27,16,0.6279,6537.76,Wallet
CUST_00838,784,80,55,25,0.6875,1097.9,Card
CUST_00839,1149,36,14,22,0.3889,4398.53,UPI
CUST_00840,869,8,3,5,0.375,1901.14,NetBanking
CUST_00841,1332,6,3,3,0.5,2133.19,UPI
CUST_00842,1376,53,34,19,0.6415,3541.74,UPI
CUST_00843,450,72,36,36,0.5,1006.36,Wallet
CUST_00844,1037,12,5,7,0.4167,2886.17,NetBanking
CUST_00845,220,10,6,4,0.6,2481.25,Wallet
CUST_00846,1465,52,44,8,0.8462,3117.28,UPI
CUST_00847,1219,17,13,4,0.7647,2703.81,Card
CUST_00848,1335,55,20,35,0.3636,12316.68,UPI
CUST_00849,920,21,13,8,0.619,1413.16,NetBanking
CUST_00850,564,45,38,7,0.8444,1522.79,NetBanking
CUST_00851,681,62,35,27,0.5645,1427.67,Card
CUST_00852,182,30,13,17,0.4333,1496.92,UPI
CUST_00853,348,18,7,11,0.3889,1413.51,Wallet
CUST_00854,984,45,39,6,0.8667,5076.17,UPI
CUST_00855,1127,50,28,22,0.56,5969.11,Wallet
CUST_00856,661,64,35,29,0.5469,1481.01,UPI
CUST_00857,215,25,16,9,0.64,1233.18,UPI
CUST_00858,470,46,22,24,0.4783,3071.71,UPI
CUST_00859,1486,36,21,15,0.5833,1500.34,Wallet
CUST_00860,1081,11,7,4,0.6364,3439.4,NetBanking
CUST_00861,386,8,5,3,0.625,2545.41,Wallet
CUST_00862,1168,75,37,38,0.4933,764.31,UPI
CUST_00863,976,18,17,1,0.9444,6524.07,Card
CUST_00864,278,6,1,5,0.1667,7762.92,Card
CUST_00865,297,30,21,9,0.7,1438.06,NetBanking
CUST_00866,1435,15,13,2,0.8667,1683.46,NetBanking
CUST_00867,183,7,2,5,0.2857,2697.57,Card
CUST_00868,1352,61,26,35,0.4262,2790.9,UPI
CUST_00869,709,20,6,14,0.3,3501.62,Wallet
CUST_00870,133,26,25,1,0.9615,9019.49,Wallet
CUST_00871,838,68,21,47,0.3088,1951.08,Wallet
CUST_00872,1429,59,28,31,0.4746,1262.93,NetBanking
CUST_00873,469,28,16,12,0.5714,840.9,NetBanking
CUST_00874,943,24,8,16,0.3333,1323.92,Card
CUST_00875,1355,42,27,15,0.6429,2157.73,Wallet
CUST_00876,1157,66,22,44,0.3333,7755.76,UPI
CUST_00877,602,54,24,30,0.4444,1537.13,Wallet
CUST_00878,438,72,36,36,0.5,2582.86,UPI
CUST_00879,813,50,45,5,0.9,2183.11,Wallet
CUST_00880,734,77,55,22,0.7143,5073.95,NetBanking
CUST_00881,825,39,16,23,0.4103,12950.02,UPI
CUST_00882,683,33,9,24,0.2727,1522.93,NetBanking
CUST_00883,149,65,52,13,0.8,1567.74,NetBanking
CUST_00884,1226,34,15,19,0.4412,4586.68,UPI
CUST_00885,537,35,18,17,0.5143,3559.32,UPI
CUST_00886,479,78,77,1,0.9872,8044.11,Wallet
CUST_00887,756,27,13,14,0.4815,3323.42,Card
CUST_00888,1243,45,35,10,0.7778,1717.28,UPI
CUST_00889,1470,50,24,26,0.48,3339.11,Card
CUST_00890,1038,74,41,33,0.5541,4798.66,Card
CUST_00891,1034,9,3,6,0.3333,3921.92,UPI
CUST_00892,506,33,9,24,0.2727,3149.79,Wallet
CUST_00893,31,47,26,21,0.5532,4659.54,Card
CUST_00894,727,27,18,9,0.6667,5006.57,UPI
CUST_00895,74,23,10,13,0.4348,5811.02,UPI
CUST_00896,1107,51,19,32,0.3725,3477.6,NetBanking
CUST_00897,1472,55,53,2,0.9636,1964.55,UPI
CUST_00898,719,43,32,11,0.7442,2447.2,Card
CUST_00899,352,60,58,2,0.9667,5138.7,Wallet
CUST_00900,1359,45,24,21,0.5333,1246.56,NetBanking
CUST_00901,487,80,76,4,0.95,2858.55,Card
CUST_00902,804,44,31,13,0.7045,1676.83,Card
CUST_00903,393,5,5,0,1.0,2253.23,Wallet
CUST_00904,1192,9,4,5,0.4444,5404.12,NetBanking
CUST_00905,1282,33,29,4,0.8788,2524.43,UPI
CUST_00906,1046,23,16,7,0.6957,2281.31,UPI
CUST_00907,517,49,34,15,0.6939,852.44,Card
CUST_00908,1332,16,15,1,0.9375,3723.34,NetBanking
CUST_00909,944,6,3,3,0.5,3469.75,Card
CUST_00910,541,13,8,5,0.6154,10039.46,NetBanking
CUST_00911,251,5,1,4,0.2,1780.33,Wallet
CUST_00912,927,58,27,31,0.4655,2574.49,Wallet
CUST_00913,1039,53,37,16,0.6981,2629.55,Wallet
CUST_00914,237,66,55,11,0.8333,6662.28,Card
CUST_00915,363,62,22,40,0.3548,2065.84,UPI
CUST_00916,633,7,4,3,0.5714,2684.68,NetBanking
CUST_00917,244,14,9,5,0.6429,3379.65,Card
CUST_00918,798,25,9,16,0.36,2516.51,UPI
CUST_00919,722,66,64,2,0.9697,1615.66,UPI
CUST_00920,913,26,26,0,1.0,2529.72,Wallet
CUST_00921,351,11,4,7,0.3636,4682.29,NetBanking
CUST_00922,450,29,21,8,0.7241,1076.47,NetBanking
CUST_00923,1382,41,21,20,0.5122,2423.77,Card
CUST_00924,226,11,9,2,0.8182,1352.78,Wallet
CUST_00925,344,11,8,3,0.7273,5097.64,UPI
CUST_00926,905,16,8,8,0.5,760.34,Wallet
CUST_00927,438,17,5,12,0.2941,1493.32,Card
CUST_00928,379,42,14,28,0.3333,2875.69,Wallet
CUST_00929,266,44,38,6,0.8636,6606.88,Wallet
CUST_00930,1031,38,13,25,0.3421,2109.01,Wallet
CUST_00931,408,52,39,13,0.75,1497.21,NetBanking
CUST_00932,412,62,20,42,0.3226,8240.45,NetBanking
CUST_00933,930,64,35,29,0.5469,801.42,Card
CUST_00934,580,77,26,51,0.3377,473.82,Card
CUST_00935,1456,17,6,11,0.3529,3004.93,NetBanking
CUST_00936,1138,57,54,3,0.9474,1553.96,Card
CUST_00937,1163,12,9,3,0.75,1080.45,Wallet
CUST_00938,1126,65,55,10,0.8462,3625.87,Card
CUST_00939,1005,43,17,26,0.3953,2619.3,Wallet
CUST_00940,1492,9,4,5,0.4444,1487.94,UPI
CUST_00941,949,27,13,14,0.4815,901.25,Card
CUST_00942,424,21,7,14,0.3333,4067.24,Wallet
CUST_00943,190,60,30,30,0.5,3481.23,Card
CUST_00944,1248,38,21,17,0.5526,2060.24,UPI
CUST_00945,208,54,51,3,0.9444,8043.71,Wallet
CUST_00946,1160,46,30,16,0.6522,1044.13,Wallet
CUST_00947,55,80,57,23,0.7125,759.1,Wallet
CUST_00948,260,58,26,32,0.4483,1360.58,Card
CUST_00949,1190,80,61,19,0.7625,2138.99,UPI
CUST_00950,246,77,72,5,0.9351,2618.45,UPI
CUST_00951,615,73,43,30,0.589,1865.22,Wallet
CUST_00952,570,54,47,7,0.8704,2825.49,Wallet
CUST_00953,106,27,16,11,0.5926,919.58,Wallet
CUST_00954,324,56,18,38,0.3214,6067.1,Wallet
CUST_00955,708,35,11,24,0.3143,2084.94,Wallet
CUST_00956,580,52,16,36,0.3077,4827.61,NetBanking
CUST_00957,650,44,30,14,0.6818,2807.1,Wallet
CUST_00958,1455,17,8,9,0.4706,3040.35,Card
CUST_00959,645,61,38,23,0.623,3290.64,NetBanking
CUST_00960,883,16,7,9,0.4375,3021.16,Wallet
CUST_00961,462,57,48,9,0.8421,3463.05,NetBanking
CUST_00962,145,70,31,39,0.4429,5599.36,UPI
CUST_00963,667,69,45,24,0.6522,2534.03,Card
CUST_00964,1103,77,24,53,0.3117,3627.51,Card
CUST_00965,424,30,10,20,0.3333,2073.9,Card
CUST_00966,97,63,21,42,0.3333,6051.62,NetBanking
CUST_00967,1473,30,17,13,0.5667,1375.44,NetBanking
CUST_00968,980,69,45,24,0.6522,7790.48,UPI
CUST_00969,1425,8,3,5,0.375,2147.13,NetBanking
CUST_00970,1031,62,29,33,0.4677,811.15,Wallet
CUST_00971,1231,75,44,31,0.5867,2415.53,NetBanking
CUST_00972,364,38,34,4,0.8947,1370.96,UPI
CUST_00973,613,8,5,3,0.625,3977.67,UPI
CUST_00974,363,78,72,6,0.9231,1398.51,Card
CUST_00975,483,33,30,3,0.9091,1615.94,Card
CUST_00976,581,57,49,8,0.8596,588.35,UPI
CUST_00977,1427,6,4,2,0.6667,1609.03,Card
CUST_00978,1355,27,27,0,1.0,404.76,UPI
CUST_00979,488,37,30,7,0.8108,728.7,NetBanking
CUST_00980,1489,40,25,15,0.625,3760.44,Wallet
CUST_00981,744,63,34,29,0.5397,3827.86,Card
CUST_00982,985,43,37,6,0.8605,2974.47,UPI
CUST_00983,45,70,63,7,0.9,1122.28,NetBanking
CUST_00984,1179,41,21,20,0.5122,2135.81,UPI
CUST_00985,1016,13,8,5,0.6154,2202.79,NetBanking
CUST_00986,1341,46,30,16,0.6522,981.56,NetBanking
CUST_00987,1373,43,24,19,0.5581,6325.72,Card
CUST_00988,1089,35,11,24,0.3143,4081.23,Wallet
CUST_00989,1382,45,21,24,0.4667,1891.88,UPI
CUST_00990,1372,68,38,30,0.5588,2250.3,NetBanking
CUST_00991,887,56,40,16,0.7143,2555.15,UPI
CUST_00992,1224,78,75,3,0.9615,528.89,Card
CUST_00993,732,33,30,3,0.9091,1857.48,Wallet
CUST_00994,1405,50,47,3,0.94,1370.06,NetBanking
CUST_00995,378,76,33,43,0.4342,1095.39,NetBanking
CUST_00996,229,65,27,38,0.4154,1813.89,NetBanking
CUST_00997,1174,28,18,10,0.6429,7772.76,UPI
CUST_00998,485,50,29,21,0.58,3458.5,NetBanking
CUST_00999,891,47,37,10,0.7872,1480.56,NetBanking
CUST_01000,1229,42,26,16,0.619,3297.13,UPI
CUST_01001,993,11,4,7,0.3636,5881.39,Wallet
CUST_01002,428,69,27,42,0.3913,4218.54,Wallet
CUST_01003,1115,43,38,5,0.8837,2302.48,UPI
CUST_01004,338,22,12,10,0.5455,1404.09,NetBanking
CUST_01005,868,77,52,25,0.6753,3600.24,Card
CUST_01006,677,28,10,18,0.3571,2908.64,Wallet
CUST_01007,711,27,18,9,0.6667,4132.49,UPI
CUST_01008,39,62,35,27,0.5645,3444.8,Card
CUST_01009,375,78,71,7,0.9103,4604.03,Card
CUST_01010,1032,16,6,10,0.375,1518.28,Wallet
CUST_01011,1327,59,42,17,0.7119,5553.46,Wallet
CUST_01012,1007,54,16,38,0.2963,2535.94,UPI
CUST_01013,1123,30,20,10,0.6667,9439.73,UPI
CUST_01014,689,72,33,39,0.4583,1363.17,UPI
CUST_01015,1415,5,2,3,0.4,7444.08,Card
CUST_01016,1450,49,33,16,0.6735,2536.49,Card
CUST_01017,240,54,48,6,0.8889,1399.69,NetBanking
CUST_01018,372,13,3,10,0.2308,1573.85,NetBanking
CUST_01019,625,63,51,12,0.8095,1764.74,NetBanking
CUST_01020,918,22,16,6,0.7273,2971.78,Wallet
CUST_01021,765,29,13,16,0.4483,3184.29,Wallet
CUST_01022,69,34,17,17,0.5,1477.95,Card
CUST_01023,462,7,6,1,0.8571,2171.02,Card
CUST_01024,282,51,17,34,0.3333,9893.06,Wallet
CUST_01025,1341,37,35,2,0.9459,7400.33,UPI
CUST_01026,1246,11,4,7,0.3636,2997.18,UPI
CUST_01027,128,19,11,8,0.5789,2267.88,Wallet
CUST_01028,808,20,14,6,0.7,2401.92,NetBanking
CUST_01029,1001,24,13,11,0.5417,3392.98,UPI
CUST_01030,646,58,23,35,0.3966,1079.28,NetBanking
CUST_01031,1305,22,19,3,0.8636,1844.27,UPI
CUST_01032,1077,20,10,10,0.5,686.76,UPI
CUST_01033,247,68,32,36,0.4706,2920.34,Card
CUST_01034,568,71,33,38,0.4648,3473.91,NetBanking
CUST_01035,1470,57,35,22,0.614,1574.62,Card
CUST_01036,110,75,53,22,0.7067,6646.13,Card
CUST_01037,1439,66,40,26,0.6061,936.33,Card
CUST_01038,35,6,6,0,1.0,792.3,UPI
CUST_01039,256,78,65,13,0.8333,2584.06,Wallet
CUST_01040,335,16,16,0,1.0,4596.12,UPI
CUST_01041,237,37,31,6,0.8378,7177.81,Card
CUST_01042,965,42,20,22,0.4762,1601.64,Wallet
CUST_01043,132,17,7,10,0.4118,4698.87,UPI
CUST_01044,625,51,35,16,0.6863,2149.62,Wallet
CUST_01045,267,17,17,0,1.0,1956.99,UPI
CUST_01046,49,22,11,11,0.5,4099.26,NetBanking
CUST_01047,762,61,57,4,0.9344,3486.4,NetBanking
CUST_01048,220,52,36,16,0.6923,732.55,Card
CUST_01049,263,56,41,15,0.7321,6207.9,Wallet
CUST_01050,586,54,46,8,0.8519,5802.61,Wallet
CUST_01051,1358,26,10,16,0.3846,1425.26,Card
CUST_01052,1455,12,5,7,0.4167,2913.36,UPI
CUST_01053,882,80,54,26,0.675,3120.73,Wallet
CUST_01054,401,53,37,16,0.6981,2650.42,UPI
CUST_01055,1431,21,21,0,1.0,1502.35,Wallet
CUST_01056,261,57,45,12,0.7895,1380.03,UPI
CUST_01057,159,38,31,7,0.8158,2169.2,NetBanking
CUST_01058,55,72,70,2,0.9722,5018.62,Card
CUST_01059,1401,48,47,1,0.9792,3230.91,UPI
CUST_01060,916,36,25,11,0.6944,1703.72,NetBanking
CUST_01061,1389,54,25,29,0.463,3790.26,UPI
CUST_01062,53,25,23,2,0.92,300.67,Wallet
CUST_01063,1045,26,9,17,0.3462,4935.14,Wallet
CUST_01064,686,35,20,15,0.5714,653.41,NetBanking
CUST_01065,133,69,34,35,0.4928,1713.5,Wallet
CUST_01066,855,35,12,23,0.3429,1008.51,Wallet
CUST_01067,939,78,51,27,0.6538,892.23,UPI
CUST_01068,1050,62,38,24,0.6129,4976.98,UPI
CUST_01069,1048,7,2,5,0.2857,1591.78,Wallet
CUST_01070,874,9,2,7,0.2222,2814.54,UPI
CUST_01071,1267,43,25,18,0.5814,2136.99,Wallet
CUST_01072,728,51,18,33,0.3529,3083.83,Card
CUST_01073,960,47,44,3,0.9362,2330.35,NetBanking
CUST_01074,1496,62,25,37,0.4032,899.56,UPI
CUST_01075,1379,33,9,24,0.2727,4435.46,NetBanking
CUST_01076,757,42,29,13,0.6905,1563.01,NetBanking
CUST_01077,1467,18,5,13,0.2778,742.77,Card
CUST_01078,1038,22,19,3,0.8636,1636.51,UPI
CUST_01079,550,30,15,15,0.5,6314.05,UPI
CUST_01080,834,32,23,9,0.7188,4004.42,Card
CUST_01081,1497,48,20,28,0.4167,1730.12,Wallet
CUST_01082,125,80,31,49,0.3875,1729.38,Wallet
CUST_01083,966,80,56,24,0.7,1763.15,Card
CUST_01084,1051,5,5,0,1.0,9449.56,UPI
CUST_01085,1163,60,55,5,0.9167,2885.22,Wallet
CUST_01086,1071,27,26,1,0.963,2984.03,Card
CUST_01087,292,18,11,7,0.6111,4542.34,NetBanking
CUST_01088,1062,54,42,12,0.7778,2610.12,Card
CUST_01089,590,55,37,18,0.6727,1842.12,NetBanking
CUST_01090,957,22,10,12,0.4545,1924.76,Wallet
CUST_01091,1263,70,40,30,0.5714,2100.39,NetBanking
CUST_01092,1487,75,62,13,0.8267,2151.55,Card
CUST_01093,441,31,28,3,0.9032,3675.12,NetBanking
CUST_01094,1436,49,22,27,0.449,2290.13,Card
CUST_01095,1061,74,66,8,0.8919,3688.03,NetBanking
CUST_01096,1484,19,17,2,0.8947,2087.03,NetBanking
CUST_01097,1181,66,56,10,0.8485,2333.31,Wallet
CUST_01098,1410,73,39,34,0.5342,545.26,Wallet
CUST_01099,56,71,27,44,0.3803,4194.08,UPI
CUST_01100,810,23,7,16,0.3043,2814.51,UPI
CUST_01101,439,39,35,4,0.8974,4440.88,Card
CUST_01102,616,37,15,22,0.4054,290.8,UPI
CUST_01103,1444,42,18,24,0.4286,9526.78,UPI
CUST_01104,764,62,24,38,0.3871,2002.77,Card
CUST_01105,1355,76,46,30,0.6053,4796.91,Card
CUST_01106,1076,41,34,7,0.8293,1066.42,UPI
CUST_01107,811,54,42,12,0.7778,3391.21,NetBanking
CUST_01108,1160,11,3,8,0.2727,1056.39,NetBanking
CUST_01109,445,61,32,29,0.5246,1427.05,NetBanking
CUST_01110,1235,74,69,5,0.9324,8432.28,Card
CUST_01111,426,42,26,16,0.619,1932.41,Card
CUST_01112,1428,14,6,8,0.4286,2571.39,Card
CUST_01113,1082,20,12,8,0.6,4060.44,UPI
CUST_01114,907,40,29,11,0.725,3124.34,NetBanking
CUST_01115,296,25,25,0,1.0,2453.55,NetBanking
CUST_01116,41,47,43,4,0.9149,2851.14,Card
CUST_01117,111,24,17,7,0.7083,11877.38,UPI
CUST_01118,1310,43,43,0,1.0,2121.05,NetBanking
CUST_01119,179,45,27,18,0.6,2542.16,Card
CUST_01120,1096,13,11,2,0.8462,4607.58,Card
CUST_01121,881,74,56,18,0.7568,4788.0,Wallet
CUST_01122,218,49,28,21,0.5714,5069.11,Card
CUST_01123,1388,47,35,12,0.7447,3453.39,NetBanking
CUST_01124,631,32,28,4,0.875,992.17,Wallet
CUST_01125,1179,6,1,5,0.1667,6928.52,NetBanking
CUST_01126,942,35,30,5,0.8571,989.85,Card
CUST_01127,111,46,37,9,0.8043,2729.42,UPI
CUST_01128,820,37,28,9,0.7568,1302.46,NetBanking
CUST_01129,80,71,70,1,0.9859,2111.39,NetBanking
CUST_01130,1083,70,49,21,0.7,2779.8,Wallet
CUST_01131,119,42,40,2,0.9524,2765.43,Card
CUST_01132,686,70,26,44,0.3714,2967.11,UPI
CUST_01133,372,73,55,18,0.7534,6833.54,UPI
CUST_01134,1313,13,6,7,0.4615,3033.51,Card
CUST_01135,1433,59,23,36,0.3898,1861.41,Card
CUST_01136,1131,60,59,1,0.9833,4336.67,UPI
CUST_01137,1435,24,7,17,0.2917,5077.78,Wallet
CUST_01138,1498,47,16,31,0.3404,935.12,UPI
CUST_01139,180,11,5,6,0.4545,3354.91,NetBanking
CUST_01140,1172,14,13,1,0.9286,3607.68,Card
CUST_01141,559,57,41,16,0.7193,1793.11,Wallet
CUST_01142,1320,56,43,13,0.7679,5784.83,NetBanking
CUST_01143,64,54,23,31,0.4259,1988.15,UPI
CUST_01144,1343,13,12,1,0.9231,2411.26,UPI
CUST_01145,1465,14,9,5,0.6429,1956.38,UPI
CUST_01146,623,43,17,26,0.3953,2232.56,NetBanking
CUST_01147,926,53,40,13,0.7547,1025.16,UPI
CUST_01148,1000,25,24,1,0.96,805.9,Card
CUST_01149,309,55,50,5,0.9091,6742.28,NetBanking
CUST_01150,1328,23,15,8,0.6522,1220.64,NetBanking
CUST_01151,52,75,57,18,0.76,1103.26,Card
CUST_01152,282,10,3,7,0.3,489.13,Wallet
CUST_01153,1130,75,27,48,0.36,1411.95,NetBanking
CUST_01154,460,49,27,22,0.551,874.66,Wallet
CUST_01155,1352,70,30,40,0.4286,6970.28,Card
CUST_01156,406,33,28,5,0.8485,4477.73,NetBanking
CUST_01157,427,19,7,12,0.3684,1364.16,UPI
CUST_01158,1154,64,60,4,0.9375,10686.16,UPI
CUST_01159,625,13,7,6,0.5385,4390.66,UPI
CUST_01160,434,79,54,25,0.6835,1759.21,NetBanking
CUST_01161,761,21,13,8,0.619,383.91,UPI
CUST_01162,613,13,6,7,0.4615,10978.12,NetBanking
CUST_01163,1025,62,39,23,0.629,834.89,NetBanking
CUST_01164,1450,79,32,47,0.4051,698.0,NetBanking
CUST_01165,677,59,27,32,0.4576,4517.89,UPI
CUST_01166,671,36,35,1,0.9722,12183.36,Card
CUST_01167,1488,60,35,25,0.5833,5819.62,NetBanking
CUST_01168,305,47,44,3,0.9362,3277.17,Wallet
CUST_01169,942,50,34,16,0.68,3348.7,Wallet
CUST_01170,1159,18,7,11,0.3889,4013.39,UPI
CUST_01171,604,22,12,10,0.5455,3756.53,NetBanking
CUST_01172,1313,14,5,9,0.3571,2688.76,UPI
CUST_01173,1068,8,8,0,1.0,2375.45,Wallet
CUST_01174,1238,32,10,22,0.3125,2113.68,NetBanking
CUST_01175,1143,74,52,22,0.7027,1302.74,Card
CUST_01176,779,55,30,25,0.5455,1814.43,NetBanking
CUST_01177,304,64,51,13,0.7969,675.15,UPI
CUST_01178,842,51,47,4,0.9216,2061.44,UPI
CUST_01179,1387,35,35,0,1.0,1105.43,Card
CUST_01180,1082,22,20,2,0.9091,1019.93,Card
CUST_01181,396,77,59,18,0.7662,2504.7,Card
CUST_01182,1020,50,17,33,0.34,5851.2,Card
CUST_01183,1028,34,12,22,0.3529,4199.92,NetBanking
CUST_01184,786,34,11,23,0.3235,735.57,Card
CUST_01185,1090,51,39,12,0.7647,1104.62,Wallet
CUST_01186,961,10,3,7,0.3,4266.46,NetBanking
CUST_01187,241,71,61,10,0.8592,1110.16,NetBanking
CUST_01188,569,79,57,22,0.7215,1887.03,Card
CUST_01189,801,53,38,15,0.717,3245.54,UPI
CUST_01190,1088,37,23,14,0.6216,1121.2,Card
CUST_01191,1087,56,38,18,0.6786,2377.4,NetBanking
CUST_01192,1027,66,57,9,0.8636,867.99,UPI
CUST_01193,1057,22,20,2,0.9091,1449.6,Card
CUST_01194,501,14,12,2,0.8571,2762.38,NetBanking
CUST_01195,463,24,12,12,0.5,724.08,Card
CUST_01196,771,20,16,4,0.8,3005.9,Card
CUST_01197,879,47,21,26,0.4468,2178.2,Wallet
CUST_01198,1412,66,49,17,0.7424,3251.08,Card
CUST_01199,1239,25,20,5,0.8,2583.09,UPI
CUST_01200,529,10,5,5,0.5,5738.19,Card
CUST_01201,305,70,23,47,0.3286,2410.66,Card
CUST_01202,144,26,15,11,0.5769,1635.03,Card
CUST_01203,1088,56,54,2,0.9643,2405.73,UPI
CUST_01204,1385,41,14,27,0.3415,3230.23,Card
CUST_01205,949,65,49,16,0.7538,2285.18,Card
CUST_01206,479,57,55,2,0.9649,2272.0,Card
CUST_01207,1223,28,27,1,0.9643,1351.01,NetBanking
CUST_01208,373,48,43,5,0.8958,1388.49,UPI
CUST_01209,500,53,39,14,0.7358,827.31,Card
CUST_01210,252,7,3,4,0.4286,7515.36,Wallet
CUST_01211,336,17,7,10,0.4118,924.54,Wallet
CUST_01212,1289,9,3,6,0.3333,1359.63,UPI
CUST_01213,1017,21,6,15,0.2857,1335.57,Wallet
CUST_01214,1099,58,40,18,0.6897,4131.71,UPI
CUST_01215,1458,72,48,24,0.6667,1796.39,Card
CUST_01216,1017,53,37,16,0.6981,5289.19,UPI
CUST_01217,901,22,14,8,0.6364,1378.23,Wallet
CUST_01218,506,15,8,7,0.5333,2684.62,Wallet
CUST_01219,557,29,8,21,0.2759,1230.6,UPI
CUST_01220,1213,71,28,43,0.3944,9913.02,UPI
CUST_01221,798,31,31,0,1.0,961.68,NetBanking
CUST_01222,867,51,21,30,0.4118,2743.18,Card
CUST_01223,902,79,39,40,0.4937,3441.44,NetBanking
CUST_01224,1127,59,53,6,0.8983,2950.29,NetBanking
CUST_01225,1283,40,33,7,0.825,1939.72,Wallet
CUST_01226,447,57,52,5,0.9123,2016.51,Wallet
CUST_01227,396,52,50,2,0.9615,2277.12,Wallet
CUST_01228,549,44,35,9,0.7955,1992.41,Wallet
CUST_01229,312,20,17,3,0.85,4336.03,Card
CUST_01230,944,25,10,15,0.4,10377.2,Card
CUST_01231,1071,56,37,19,0.6607,1494.81,UPI
CUST_01232,359,54,16,38,0.2963,846.52,UPI
CUST_01233,327,65,57,8,0.8769,2076.01,Wallet
CUST_01234,210,13,7,6,0.5385,13437.39,Card
CUST_01235,789,15,13,2,0.8667,1258.19,UPI
CUST_01236,817,56,55,1,0.9821,6956.15,NetBanking
CUST_01237,1487,12,5,7,0.4167,7146.59,Wallet
CUST_01238,929,6,2,4,0.3333,1498.9,NetBanking
CUST_01239,428,9,5,4,0.5556,3288.83,Card
CUST_01240,1410,9,7,2,0.7778,6904.15,Card
CUST_01241,1371,5,2,3,0.4,1693.6,UPI
CUST_01242,595,56,38,18,0.6786,1915.04,Wallet
CUST_01243,860,80,36,44,0.45,1469.71,UPI
CUST_01244,1471,13,4,9,0.3077,1085.36,NetBanking
CUST_01245,1175,79,45,34,0.5696,1401.79,NetBanking
CUST_01246,596,33,28,5,0.8485,937.52,Card
CUST_01247,961,56,52,4,0.9286,2261.67,UPI
CUST_01248,564,27,21,6,0.7778,1288.22,UPI
CUST_01249,1174,14,12,2,0.8571,2601.0,NetBanking
CUST_01250,726,19,17,2,0.8947,743.13,NetBanking
CUST_01251,1131,78,39,39,0.5,2783.92,Wallet
CUST_01252,802,77,53,24,0.6883,3957.91,Card
CUST_01253,725,63,61,2,0.9683,546.97,Wallet
CUST_01254,1231,8,5,3,0.625,2869.35,UPI
CUST_01255,558,13,9,4,0.6923,5215.39,Card
CUST_01256,1416,34,20,14,0.5882,946.95,Wallet
CUST_01257,753,71,55,16,0.7746,7120.98,UPI
CUST_01258,1465,38,18,20,0.4737,2961.09,NetBanking
CUST_01259,220,56,37,19,0.6607,1348.15,UPI
CUST_01260,1165,27,23,4,0.8519,2123.8,NetBanking
CUST_01261,754,32,27,5,0.8438,3264.39,NetBanking
CUST_01262,404,29,23,6,0.7931,2329.02,Card
CUST_01263,510,35,18,17,0.5143,3219.98,Card
CUST_01264,499,30,16,14,0.5333,1159.25,NetBanking
CUST_01265,349,18,6,12,0.3333,2486.3,UPI
CUST_01266,1414,68,59,9,0.8676,820.9,UPI
CUST_01267,1138,10,10,0,1.0,2042.93,NetBanking
CUST_01268,1301,45,44,1,0.9778,1172.94,NetBanking
CUST_01269,1035,28,24,4,0.8571,1319.66,NetBanking
CUST_01270,844,33,33,0,1.0,5246.23,Card
CUST_01271,140,72,72,0,1.0,4740.59,Wallet
CUST_01272,1009,74,24,50,0.3243,3382.59,NetBanking
CUST_01273,836,27,22,5,0.8148,1028.01,UPI
CUST_01274,1460,71,50,21,0.7042,1769.61,NetBanking
CUST_01275,1441,6,1,5,0.1667,5162.46,Card
CUST_01276,807,79,29,50,0.3671,2438.65,NetBanking
CUST_01277,770,38,16,22,0.4211,11198.45,NetBanking
CUST_01278,515,39,26,13,0.6667,2908.3,NetBanking
CUST_01279,779,28,23,5,0.8214,2526.11,Wallet
CUST_01280,461,58,40,18,0.6897,1778.67,NetBanking
CUST_01281,850,40,26,14,0.65,2424.74,Card
CUST_01282,1200,21,13,8,0.619,1984.8,UPI
CUST_01283,582,35,27,8,0.7714,3625.24,Wallet
CUST_01284,810,30,13,17,0.4333,4314.31,Card
CUST_01285,998,6,2,4,0.3333,1273.86,Wallet
CUST_01286,1053,22,22,0,1.0,869.69,NetBanking
CUST_01287,1026,43,28,15,0.6512,610.73,UPI
CUST_01288,845,17,16,1,0.9412,3151.37,Card
CUST_01289,152,32,17,15,0.5312,1020.09,Wallet
CUST_01290,1319,17,12,5,0.7059,489.3,NetBanking
CUST_01291,562,51,38,13,0.7451,2898.66,NetBanking
CUST_01292,734,7,5,2,0.7143,12646.04,UPI
CUST_01293,749,30,27,3,0.9,2198.98,Card
CUST_01294,612,50,35,15,0.7,3971.68,Wallet
CUST_01295,945,15,10,5,0.6667,2338.54,NetBanking
CUST_01296,979,23,11,12,0.4783,2060.65,NetBanking
CUST_01297,893,78,48,30,0.6154,4202.16,UPI
CUST_01298,192,25,17,8,0.68,1802.28,Card
CUST_01299,672,45,31,14,0.6889,2662.91,NetBanking
CUST_01300,1269,55,33,22,0.6,2766.09,Wallet
CUST_01301,773,80,57,23,0.7125,1383.45,Wallet
CUST_01302,877,26,12,14,0.4615,4422.36,UPI
CUST_01303,286,35,31,4,0.8857,1953.79,NetBanking
CUST_01304,1465,15,7,8,0.4667,1301.12,Card
CUST_01305,843,18,6,12,0.3333,3214.92,UPI
CUST_01306,999,75,25,50,0.3333,1177.41,UPI
CUST_01307,843,72,69,3,0.9583,2252.34,UPI
CUST_01308,242,38,30,8,0.7895,2194.3,Card
CUST_01309,202,54,35,19,0.6481,4722.66,Card
CUST_01310,536,41,26,15,0.6341,3078.78,Card
CUST_01311,298,72,31,41,0.4306,2170.0,UPI
CUST_01312,101,50,35,15,0.7,3914.47,Wallet
CUST_01313,986,74,39,35,0.527,5843.85,Wallet
CUST_01314,306,74,33,41,0.4459,3263.21,Wallet
CUST_01315,1322,77,50,27,0.6494,2224.41,NetBanking
CUST_01316,741,66,53,13,0.803,881.58,Card
CUST_01317,213,61,37,24,0.6066,1047.77,NetBanking
CUST_01318,874,38,15,23,0.3947,1783.52,NetBanking
CUST_01319,51,5,5,0,1.0,1441.36,Card
CUST_01320,734,41,27,14,0.6585,1937.43,UPI
CUST_01321,1438,67,50,17,0.7463,2297.68,NetBanking
CUST_01322,48,60,36,24,0.6,3199.61,Card
CUST_01323,44,75,45,30,0.6,2102.01,Card
CUST_01324,873,76,49,27,0.6447,3104.32,Wallet
CUST_01325,541,25,19,6,0.76,2310.3,Wallet
CUST_01326,481,38,13,25,0.3421,554.0,Wallet
CUST_01327,1310,35,26,9,0.7429,1144.2,NetBanking
CUST_01328,613,73,72,1,0.9863,1996.48,NetBanking
CUST_01329,875,29,10,19,0.3448,946.92,Card
CUST_01330,309,42,15,27,0.3571,3360.85,Wallet
CUST_01331,1295,62,35,27,0.5645,6448.0,Wallet
CUST_01332,414,46,14,32,0.3043,5182.97,Card
CUST_01333,131,73,22,51,0.3014,1901.86,Card
CUST_01334,239,41,20,21,0.4878,6269.85,Card
CUST_01335,1494,61,18,43,0.2951,2450.55,Card
CUST_01336,214,24,7,17,0.2917,1744.18,Wallet
CUST_01337,474,48,40,8,0.8333,1437.44,NetBanking
CUST_01338,1050,52,44,8,0.8462,1786.96,UPI
CUST_01339,706,15,6,9,0.4,1682.9,UPI
CUST_01340,575,55,20,35,0.3636,2488.14,Wallet
CUST_01341,401,29,16,13,0.5517,2471.06,Wallet
CUST_01342,55,20,18,2,0.9,2213.06,Card
CUST_01343,818,61,33,28,0.541,2998.47,UPI
CUST_01344,437,63,24,39,0.381,5081.96,Card
CUST_01345,998,54,35,19,0.6481,4292.77,NetBanking
CUST_01346,354,10,4,6,0.4,781.0,NetBanking
CUST_01347,1015,43,24,19,0.5581,369.54,NetBanking
CUST_01348,136,32,12,20,0.375,4247.24,Card
CUST_01349,1326,60,38,22,0.6333,848.26,UPI
CUST_01350,372,40,30,10,0.75,1886.85,UPI
CUST_01351,840,36,10,26,0.2778,973.52,UPI
CUST_01352,1220,65,63,2,0.9692,625.54,Card
CUST_01353,790,16,7,9,0.4375,3226.08,Card
CUST_01354,1053,16,14,2,0.875,3757.12,NetBanking
CUST_01355,1310,12,3,9,0.25,1475.04,NetBanking
CUST_01356,1350,24,24,0,1.0,360.06,UPI
CUST_01357,287,67,34,33,0.5075,1506.63,NetBanking
CUST_01358,1173,49,42,7,0.8571,2905.22,Card
CUST_01359,73,53,37,16,0.6981,784.28,Card
CUST_01360,543,10,10,0,1.0,2510.79,Wallet
CUST_01361,1174,42,29,13,0.6905,2184.81,Wallet
CUST_01362,418,77,34,43,0.4416,3312.65,NetBanking
CUST_01363,692,64,36,28,0.5625,2401.16,Card
CUST_01364,171,72,30,42,0.4167,1117.5,Wallet
CUST_01365,635,38,28,10,0.7368,5103.08,NetBanking
CUST_01366,959,5,5,0,1.0,1976.39,Wallet
CUST_01367,409,7,6,1,0.8571,2166.54,NetBanking
CUST_01368,1300,35,20,15,0.5714,1149.07,UPI
CUST_01369,1378,73,73,0,1.0,1619.22,Wallet
CUST_01370,418,72,64,8,0.8889,1188.73,Wallet
CUST_01371,1159,24,16,8,0.6667,1956.55,NetBanking
CUST_01372,869,46,20,26,0.4348,7318.76,UPI
CUST_01373,1101,13,3,10,0.2308,845.28,Card
CUST_01374,395,9,5,4,0.5556,713.73,UPI
CUST_01375,1024,29,11,18,0.3793,6184.61,UPI
CUST_01376,1199,54,47,7,0.8704,1907.36,NetBanking
CUST_01377,130,51,29,22,0.5686,1382.5,UPI
CUST_01378,56,31,29,2,0.9355,4573.04,Wallet
CUST_01379,193,64,59,5,0.9219,1445.3,UPI
CUST_01380,769,76,69,7,0.9079,7928.4,Wallet
CUST_01381,785,12,12,0,1.0,3549.45,NetBanking
CUST_01382,1113,10,4,6,0.4,1569.42,NetBanking
CUST_01383,189,32,25,7,0.7812,9997.75,UPI
CUST_01384,237,34,27,7,0.7941,1445.2,Wallet
CUST_01385,418,29,24,5,0.8276,3712.52,Card
CUST_01386,1197,27,25,2,0.9259,2723.04,Wallet
CUST_01387,246,78,45,33,0.5769,5492.94,Wallet
CUST_01388,1468,59,23,36,0.3898,6588.35,Card
CUST_01389,399,75,47,28,0.6267,2258.38,NetBanking
CUST_01390,1376,25,24,1,0.96,1303.24,Wallet
CUST_01391,751,45,33,12,0.7333,3047.21,NetBanking
CUST_01392,874,60,38,22,0.6333,1374.16,Card
CUST_01393,1183,74,35,39,0.473,9039.61,Wallet
CUST_01394,1156,37,22,15,0.5946,2429.83,Wallet
CUST_01395,946,55,16,39,0.2909,1710.04,UPI
CUST_01396,612,7,6,1,0.8571,2513.11,Card
CUST_01397,648,5,3,2,0.6,860.07,Card
CUST_01398,469,45,14,31,0.3111,1118.64,NetBanking
CUST_01399,1163,70,56,14,0.8,5116.83,Card
CUST_01400,223,9,9,0,1.0,1394.34,NetBanking
CUST_01401,349,22,14,8,0.6364,1061.21,NetBanking
CUST_01402,1222,36,17,19,0.4722,3215.24,NetBanking
CUST_01403,645,16,13,3,0.8125,5064.41,Wallet
CUST_01404,1195,32,32,0,1.0,3652.87,UPI
CUST_01405,694,66,30,36,0.4545,4434.78,Wallet
CUST_01406,1442,78,75,3,0.9615,1300.16,UPI
CUST_01407,1249,43,14,29,0.3256,816.26,Wallet
CUST_01408,190,12,8,4,0.6667,6316.58,NetBanking
CUST_01409,919,58,24,34,0.4138,1761.86,Card
CUST_01410,1366,6,6,0,1.0,1852.73,Wallet
CUST_01411,140,44,15,29,0.3409,5595.6,NetBanking
CUST_01412,1135,77,32,45,0.4156,3259.6,NetBanking
CUST_01413,1058,33,13,20,0.3939,3038.51,UPI
CUST_01414,1409,55,44,11,0.8,10051.75,UPI
CUST_01415,484,60,36,24,0.6,1407.45,Wallet
CUST_01416,333,21,16,5,0.7619,4228.02,UPI
CUST_01417,1004,78,70,8,0.8974,2298.26,UPI
CUST_01418,1152,56,32,24,0.5714,2665.15,UPI
CUST_01419,846,69,47,22,0.6812,6437.71,Card
CUST_01420,306,66,54,12,0.8182,3151.03,Card
CUST_01421,1029,55,52,3,0.9455,3218.94,Card
CUST_01422,1179,72,36,36,0.5,4678.6,Card
CUST_01423,176,39,35,4,0.8974,1710.49,Wallet
CUST_01424,692,78,28,50,0.359,1227.28,UPI
CUST_01425,1405,57,44,13,0.7719,1062.77,NetBanking
CUST_01426,743,29,18,11,0.6207,557.55,NetBanking
CUST_01427,1246,8,8,0,1.0,9314.66,NetBanking
CUST_01428,376,49,42,7,0.8571,1020.2,Card
CUST_01429,932,10,6,4,0.6,1891.49,Card
CUST_01430,1433,52,24,28,0.4615,1819.34,UPI
CUST_01431,260,11,6,5,0.5455,2738.55,Card
CUST_01432,619,6,3,3,0.5,3908.92,UPI
CUST_01433,654,62,48,14,0.7742,4033.26,UPI
CUST_01434,709,31,26,5,0.8387,1468.28,Card
CUST_01435,447,74,55,19,0.7432,1964.54,NetBanking
CUST_01436,1153,66,58,8,0.8788,2691.37,Card
CUST_01437,1453,7,5,2,0.7143,1855.51,UPI
CUST_01438,553,26,8,18,0.3077,6803.16,NetBanking
CUST_01439,441,39,12,27,0.3077,3114.06,Wallet
CUST_01440,1370,6,1,5,0.1667,3693.81,Wallet
CUST_01441,1382,39,32,7,0.8205,3512.27,NetBanking
CUST_01442,250,7,4,3,0.5714,5021.24,Wallet
CUST_01443,503,53,47,6,0.8868,2506.68,UPI
CUST_01444,676,67,58,9,0.8657,890.89,UPI
CUST_01445,411,30,25,5,0.8333,2921.29,Wallet
CUST_01446,1178,7,2,5,0.2857,1399.75,Card
CUST_01447,1114,44,34,10,0.7727,1525.33,Wallet
CUST_01448,835,25,7,18,0.28,3329.09,NetBanking
CUST_01449,1431,50,37,13,0.74,5254.28,NetBanking
CUST_01450,513,69,37,32,0.5362,2241.48,UPI
CUST_01451,1311,37,23,14,0.6216,2741.29,UPI
CUST_01452,1166,40,19,21,0.475,7270.28,Card
CUST_01453,729,55,24,31,0.4364,2613.71,UPI
CUST_01454,812,71,64,7,0.9014,13645.68,Card
CUST_01455,884,35,28,7,0.8,3280.85,Card
CUST_01456,903,44,34,10,0.7727,643.85,Wallet
CUST_01457,1140,21,12,9,0.5714,3741.86,Card
CUST_01458,1219,74,65,9,0.8784,2883.65,Card
CUST_01459,312,44,21,23,0.4773,5447.04,Wallet
CUST_01460,327,77,33,44,0.4286,3537.68,NetBanking
CUST_01461,168,76,56,20,0.7368,2004.36,UPI
CUST_01462,407,45,22,23,0.4889,937.29,UPI
CUST_01463,682,57,43,14,0.7544,1907.76,NetBanking
CUST_01464,937,40,16,24,0.4,1217.6,Card
CUST_01465,248,21,11,10,0.5238,1470.91,UPI
CUST_01466,1283,39,30,9,0.7692,3334.26,Card
CUST_01467,1251,34,17,17,0.5,7107.69,UPI
CUST_01468,765,15,15,0,1.0,2911.05,Wallet
CUST_01469,304,69,58,11,0.8406,956.12,Wallet
CUST_01470,1488,52,26,26,0.5,3014.6,Wallet
CUST_01471,1036,65,27,38,0.4154,5103.3,Card
CUST_01472,425,33,10,23,0.303,1441.09,Wallet
CUST_01473,60,39,24,15,0.6154,2010.6,Card
CUST_01474,1404,30,15,15,0.5,2231.17,UPI
CUST_01475,392,61,57,4,0.9344,1274.83,Wallet
CUST_01476,1438,46,42,4,0.913,3476.55,Card
CUST_01477,905,56,18,38,0.3214,2029.08,Wallet
CUST_01478,670,55,55,0,1.0,2962.16,UPI
CUST_01479,1096,18,12,6,0.6667,1186.49,Wallet
CUST_01480,116,36,26,10,0.7222,1625.84,Wallet
CUST_01481,110,76,46,30,0.6053,3661.64,UPI
CUST_01482,418,42,26,16,0.619,1701.08,Wallet
CUST_01483,653,41,26,15,0.6341,7397.33,Card
CUST_01484,895,42,31,11,0.7381,1669.46,UPI
CUST_01485,1443,71,30,41,0.4225,2584.48,Wallet
CUST_01486,1353,62,23,39,0.371,4242.1,UPI
CUST_01487,398,79,67,12,0.8481,818.23,Card
CUST_01488,835,57,37,20,0.6491,643.83,Wallet
CUST_01489,81,27,22,5,0.8148,759.03,Card
CUST_01490,961,16,8,8,0.5,5344.42,NetBanking
CUST_01491,1446,25,10,15,0.4,1500.72,UPI
CUST_01492,263,62,58,4,0.9355,13236.58,NetBanking
CUST_01493,204,72,66,6,0.9167,1487.76,Wallet
CUST_01494,1077,25,19,6,0.76,2512.88,Wallet
CUST_01495,119,26,17,9,0.6538,6499.48,Card
CUST_01496,362,23,11,12,0.4783,8993.57,UPI
CUST_01497,889,44,32,12,0.7273,9349.26,Wallet
CUST_01498,621,28,11,17,0.3929,5145.39,Card
CUST_01499,445,5,5,0,1.0,4522.61,NetBanking
CUST_01500,55,63,49,14,0.7778,3343.48,Wallet
CUST_01501,1143,5,5,0,1.0,3807.97,Wallet
CUST_01502,517,32,27,5,0.8438,1501.43,Wallet
CUST_01503,959,57,45,12,0.7895,1245.46,UPI
CUST_01504,1261,5,2,3,0.4,2203.14,NetBanking
CUST_01505,1299,76,74,2,0.9737,1960.34,Card
CUST_01506,130,28,12,16,0.4286,1607.99,UPI
CUST_01507,1367,49,16,33,0.3265,3595.62,Card
CUST_01508,96,78,76,2,0.9744,4310.09,NetBanking
CUST_01509,708,16,4,12,0.25,2349.33,UPI
CUST_01510,883,27,13,14,0.4815,6212.2,NetBanking
CUST_01511,1281,78,73,5,0.9359,993.09,Card
CUST_01512,962,79,46,33,0.5823,1928.39,UPI
CUST_01513,220,43,32,11,0.7442,1337.05,NetBanking
CUST_01514,806,13,9,4,0.6923,597.9,UPI
CUST_01515,629,65,27,38,0.4154,2084.16,UPI
CUST_01516,1452,40,22,18,0.55,2027.94,Wallet
CUST_01517,1104,31,31,0,1.0,6370.38,Card
CUST_01518,1283,12,4,8,0.3333,3434.3,UPI
CUST_01519,1020,41,25,16,0.6098,1078.22,NetBanking
CUST_01520,561,72,57,15,0.7917,8085.8,NetBanking
CUST_01521,295,77,54,23,0.7013,5191.22,Wallet
CUST_01522,1038,28,27,1,0.9643,3319.16,Card
CUST_01523,1481,42,18,24,0.4286,1884.58,UPI
CUST_01524,272,8,5,3,0.625,1128.22,UPI
CUST_01525,454,58,43,15,0.7414,1701.82,UPI
CUST_01526,713,49,49,0,1.0,4732.1,Card
CUST_01527,53,30,18,12,0.6,8260.25,NetBanking
CUST_01528,168,44,32,12,0.7273,6504.64,NetBanking
CUST_01529,42,19,15,4,0.7895,1568.39,NetBanking
CUST_01530,729,55,52,3,0.9455,1008.55,UPI
CUST_01531,389,29,18,11,0.6207,2437.24,NetBanking
CUST_01532,1407,66,49,17,0.7424,640.4,UPI
CUST_01533,1352,22,21,1,0.9545,2768.93,Card
CUST_01534,1314,63,52,11,0.8254,1991.57,NetBanking
CUST_01535,977,57,20,37,0.3509,1593.64,NetBanking
CUST_01536,1187,45,14,31,0.3111,723.22,Card
CUST_01537,1212,47,36,11,0.766,3163.77,UPI
CUST_01538,335,40,38,2,0.95,1520.98,UPI
CUST_01539,724,53,49,4,0.9245,973.66,Card
CUST_01540,1199,54,27,27,0.5,295.72,UPI
CUST_01541,661,45,15,30,0.3333,2166.22,NetBanking
CUST_01542,877,16,11,5,0.6875,7635.59,Card
CUST_01543,791,62,37,25,0.5968,7064.81,Card
CUST_01544,1105,43,23,20,0.5349,1603.64,UPI
CUST_01545,796,9,5,4,0.5556,1448.74,UPI
CUST_01546,938,69,21,48,0.3043,3066.04,Wallet
CUST_01547,1054,24,13,11,0.5417,1097.87,NetBanking
CUST_01548,1020,72,40,32,0.5556,2727.81,NetBanking
CUST_01549,323,17,13,4,0.7647,3775.38,Card
CUST_01550,450,9,9,0,1.0,5212.7,Wallet
CUST_01551,1491,71,28,43,0.3944,2058.83,UPI
CUST_01552,666,10,4,6,0.4,1914.91,NetBanking
CUST_01553,986,10,4,6,0.4,1194.42,NetBanking
CUST_01554,76,78,71,7,0.9103,1237.91,NetBanking
CUST_01555,1338,31,19,12,0.6129,1884.59,Card
CUST_01556,424,41,20,21,0.4878,2855.94,NetBanking
CUST_01557,933,20,10,10,0.5,4186.03,Card
CUST_01558,352,40,15,25,0.375,1258.62,UPI
CUST_01559,1305,76,54,22,0.7105,6278.47,UPI
CUST_01560,453,74,44,30,0.5946,1826.6,NetBanking
CUST_01561,585,23,15,8,0.6522,2175.56,Card
CUST_01562,380,14,8,6,0.5714,1308.91,NetBanking
CUST_01563,1137,61,21,40,0.3443,404.65,Card
CUST_01564,89,65,62,3,0.9538,4100.37,UPI
CUST_01565,246,54,19,35,0.3519,3698.9,UPI
CUST_01566,903,55,27,28,0.4909,1813.6,Wallet
CUST_01567,1292,50,34,16,0.68,2314.37,NetBanking
CUST_01568,435,73,26,47,0.3562,3168.96,Wallet
CUST_01569,1192,21,8,13,0.381,739.68,Wallet
CUST_01570,229,63,37,26,0.5873,1524.87,Wallet
CUST_01571,993,34,17,17,0.5,3850.6,Card
CUST_01572,1293,38,22,16,0.5789,917.82,Wallet
CUST_01573,405,47,34,13,0.7234,2712.13,Wallet
CUST_01574,1028,8,2,6,0.25,854.39,Wallet
CUST_01575,261,49,44,5,0.898,3061.01,Wallet
CUST_01576,379,41,36,5,0.878,2153.93,NetBanking
CUST_01577,1267,78,31,47,0.3974,712.95,UPI
CUST_01578,860,18,10,8,0.5556,4990.63,UPI
CUST_01579,648,73,50,23,0.6849,1320.53,Wallet
CUST_01580,1239,57,32,25,0.5614,1252.41,Card
CUST_01581,1152,25,22,3,0.88,2541.22,Wallet
CUST_01582,165,48,27,21,0.5625,4934.69,Wallet
CUST_01583,921,77,73,4,0.9481,1084.55,NetBanking
CUST_01584,1145,35,15,20,0.4286,2305.78,UPI
CUST_01585,1487,78,76,2,0.9744,2981.47,Wallet
CUST_01586,264,80,62,18,0.775,3587.37,Wallet
CUST_01587,696,76,28,48,0.3684,2498.66,Wallet
CUST_01588,390,44,38,6,0.8636,1708.0,UPI
CUST_01589,1255,18,15,3,0.8333,1237.3,Wallet
CUST_01590,700,68,61,7,0.8971,2345.61,UPI
CUST_01591,215,32,13,19,0.4062,1042.63,UPI
CUST_01592,330,24,21,3,0.875,285.73,NetBanking
CUST_01593,828,78,51,27,0.6538,2997.67,Card
CUST_01594,451,45,32,13,0.7111,4157.85,NetBanking
CUST_01595,920,49,19,30,0.3878,422.4,UPI
CUST_01596,1282,70,46,24,0.6571,1089.19,Card
CUST_01597,632,12,8,4,0.6667,3406.39,UPI
CUST_01598,31,76,74,2,0.9737,9323.07,NetBanking
CUST_01599,254,41,39,2,0.9512,2240.73,UPI
CUST_01600,511,60,55,5,0.9167,1326.63,Wallet
CUST_01601,1310,45,37,8,0.8222,1942.97,Wallet
CUST_01602,811,60,52,8,0.8667,5781.47,Card
CUST_01603,1386,27,23,4,0.8519,1405.05,Card
CUST_01604,415,76,46,30,0.6053,1262.14,NetBanking
CUST_01605,884,24,16,8,0.6667,1575.11,Card
CUST_01606,305,6,1,5,0.1667,1133.05,UPI
CUST_01607,324,67,62,5,0.9254,2406.36,Wallet
CUST_01608,308,15,6,9,0.4,6886.2,Wallet
CUST_01609,963,59,56,3,0.9492,2768.76,Card
CUST_01610,960,70,48,22,0.6857,1850.76,Wallet
CUST_01611,817,50,29,21,0.58,1800.34,Card
CUST_01612,899,5,5,0,1.0,739.35,Wallet
CUST_01613,514,69,37,32,0.5362,4097.68,Wallet
CUST_01614,1148,78,46,32,0.5897,2091.24,UPI
CUST_01615,107,77,53,24,0.6883,1946.26,NetBanking
CUST_01616,261,79,53,26,0.6709,20643.9,UPI
CUST_01617,320,72,69,3,0.9583,2722.01,NetBanking
CUST_01618,982,71,26,45,0.3662,1304.72,UPI
CUST_01619,532,65,59,6,0.9077,1638.52,UPI
CUST_01620,1430,74,73,1,0.9865,4934.03,NetBanking
CUST_01621,1285,11,8,3,0.7273,2390.58,UPI
CUST_01622,990,63,50,13,0.7937,806.9,Wallet
CUST_01623,1205,47,40,7,0.8511,4202.61,NetBanking
CUST_01624,633,42,17,25,0.4048,1383.4,UPI
CUST_01625,1453,43,28,15,0.6512,8195.24,UPI
CUST_01626,1318,65,56,9,0.8615,4703.37,Card
CUST_01627,1203,11,7,4,0.6364,1614.65,UPI
CUST_01628,617,67,25,42,0.3731,5413.83,Card
CUST_01629,1065,14,8,6,0.5714,2315.77,NetBanking
CUST_01630,301,40,20,20,0.5,4011.58,NetBanking
CUST_01631,59,19,14,5,0.7368,3100.48,Card
CUST_01632,1241,24,21,3,0.875,1221.15,NetBanking
CUST_01633,389,38,36,2,0.9474,1407.42,Card
CUST_01634,1023,28,24,4,0.8571,4541.32,UPI
CUST_01635,732,15,6,9,0.4,1747.0,Card
CUST_01636,1045,57,41,16,0.7193,1664.78,Card
CUST_01637,1383,61,58,3,0.9508,1131.63,Card
CUST_01638,461,78,69,9,0.8846,2970.6,NetBanking
CUST_01639,141,38,35,3,0.9211,9355.95,UPI
CUST_01640,137,26,21,5,0.8077,1046.0,Wallet
CUST_01641,1005,43,42,1,0.9767,2246.11,Card
CUST_01642,807,54,46,8,0.8519,5934.6,NetBanking
CUST_01643,327,72,48,24,0.6667,2088.6,UPI
CUST_01644,621,62,42,20,0.6774,3031.04,NetBanking
CUST_01645,1115,10,4,6,0.4,1049.77,NetBanking
CUST_01646,914,39,21,18,0.5385,2980.41,NetBanking
CUST_01647,576,17,9,8,0.5294,1937.2,Wallet
CUST_01648,974,35,33,2,0.9429,4402.87,Card
CUST_01649,1094,48,25,23,0.5208,5070.38,NetBanking
CUST_01650,1151,6,6,0,1.0,13530.4,UPI
CUST_01651,169,6,4,2,0.6667,3313.44,UPI
CUST_01652,1105,18,15,3,0.8333,2774.03,Wallet
CUST_01653,749,33,32,1,0.9697,2530.24,NetBanking
CUST_01654,545,29,9,20,0.3103,1724.66,UPI
CUST_01655,1298,16,4,12,0.25,2798.78,Card
CUST_01656,1257,20,17,3,0.85,1795.82,UPI
CUST_01657,206,21,18,3,0.8571,2484.74,Card
CUST_01658,257,28,16,12,0.5714,5554.25,NetBanking
CUST_01659,986,14,14,0,1.0,1091.62,Wallet
CUST_01660,596,59,59,0,1.0,4904.53,NetBanking
CUST_01661,557,25,9,16,0.36,5552.37,NetBanking
CUST_01662,157,53,39,14,0.7358,2033.17,NetBanking
CUST_01663,153,38,37,1,0.9737,500.05,NetBanking
CUST_01664,394,61,22,39,0.3607,1443.07,Wallet
CUST_01665,440,55,27,28,0.4909,5474.72,Wallet
CUST_01666,252,23,23,0,1.0,2173.28,Wallet
CUST_01667,477,18,12,6,0.6667,1097.17,NetBanking
CUST_01668,241,9,3,6,0.3333,1551.0,UPI
CUST_01669,1200,37,35,2,0.9459,3977.6,Wallet
CUST_01670,68,68,29,39,0.4265,3238.01,UPI
CUST_01671,107,54,33,21,0.6111,1868.23,Card
CUST_01672,1463,47,39,8,0.8298,1708.25,UPI
CUST_01673,1085,67,50,17,0.7463,1678.69,Wallet
CUST_01674,857,13,11,2,0.8462,1157.84,Card
CUST_01675,36,54,46,8,0.8519,6841.5,UPI
CUST_01676,1191,73,43,30,0.589,1762.3,NetBanking
CUST_01677,1426,43,37,6,0.8605,5177.16,UPI
CUST_01678,1324,16,9,7,0.5625,6405.56,NetBanking
CUST_01679,194,63,36,27,0.5714,4441.81,Card
CUST_01680,391,75,24,51,0.32,1632.5,Wallet
CUST_01681,1383,29,17,12,0.5862,2929.57,Wallet
CUST_01682,248,50,46,4,0.92,2171.26,UPI
CUST_01683,1325,61,30,31,0.4918,1173.1,Card
CUST_01684,103,29,8,21,0.2759,2771.24,Card
CUST_01685,1031,54,20,34,0.3704,967.46,NetBanking
CUST_01686,1053,73,72,1,0.9863,5071.42,Wallet
CUST_01687,63,9,7,2,0.7778,1595.22,UPI
CUST_01688,721,10,9,1,0.9,2542.27,UPI
CUST_01689,463,71,50,21,0.7042,2692.7,Card
CUST_01690,1216,34,12,22,0.3529,1842.29,UPI
CUST_01691,319,67,61,6,0.9104,3329.86,UPI
CUST_01692,995,10,6,4,0.6,1583.78,Card
CUST_01693,59,27,9,18,0.3333,4063.94,NetBanking
CUST_01694,229,63,57,6,0.9048,860.76,Card
CUST_01695,1240,13,4,9,0.3077,2412.61,UPI
CUST_01696,1048,33,11,22,0.3333,8580.52,Card
CUST_01697,902,48,39,9,0.8125,1096.38,NetBanking
CUST_01698,277,78,57,21,0.7308,1374.13,Card
CUST_01699,688,32,10,22,0.3125,3164.45,Card
CUST_01700,717,13,4,9,0.3077,2504.16,NetBanking
CUST_01701,319,58,27,31,0.4655,2822.68,NetBanking
CUST_01702,1163,26,21,5,0.8077,3110.16,Card
CUST_01703,1221,10,5,5,0.5,3443.71,UPI
CUST_01704,1324,53,25,28,0.4717,4802.01,UPI
CUST_01705,1027,15,4,11,0.2667,2942.08,UPI
CUST_01706,397,16,15,1,0.9375,1865.19,NetBanking
CUST_01707,882,65,63,2,0.9692,3536.18,Card
CUST_01708,452,23,14,9,0.6087,8349.17,Wallet
CUST_01709,873,35,15,20,0.4286,2012.55,UPI
CUST_01710,1251,28,23,5,0.8214,1116.36,UPI
CUST_01711,1314,43,34,9,0.7907,4793.21,Wallet
CUST_01712,39,76,37,39,0.4868,2029.88,Card
CUST_01713,270,72,27,45,0.375,482.57,NetBanking
CUST_01714,1135,69,34,35,0.4928,3996.58,Wallet
CUST_01715,1312,31,17,14,0.5484,1518.18,UPI
CUST_01716,426,19,17,2,0.8947,2072.74,Card
CUST_01717,1433,65,50,15,0.7692,2786.07,Card
CUST_01718,357,10,3,7,0.3,2523.37,NetBanking
CUST_01719,613,31,22,9,0.7097,3628.65,NetBanking
CUST_01720,714,63,20,43,0.3175,1628.08,UPI
CUST_01721,137,73,32,41,0.4384,3162.68,Card
CUST_01722,89,67,52,15,0.7761,1841.47,UPI
CUST_01723,175,35,33,2,0.9429,3704.0,Wallet
CUST_01724,1243,79,43,36,0.5443,3397.37,Wallet
CUST_01725,437,46,27,19,0.587,1147.33,UPI
CUST_01726,697,34,13,21,0.3824,4722.94,Card
CUST_01727,874,30,21,9,0.7,1517.51,Card
CUST_01728,180,65,56,9,0.8615,3887.96,Wallet
CUST_01729,141,60,27,33,0.45,2855.78,Card
CUST_01730,1278,63,29,34,0.4603,7996.25,Wallet
CUST_01731,794,22,20,2,0.9091,1888.57,Card
CUST_01732,1324,50,32,18,0.64,1729.31,Card
CUST_01733,717,21,7,14,0.3333,2178.53,UPI
CUST_01734,604,22,9,13,0.4091,1786.07,Wallet
CUST_01735,969,58,27,31,0.4655,3865.94,NetBanking
CUST_01736,480,42,31,11,0.7381,712.36,Card
CUST_01737,1336,26,25,1,0.9615,1056.19,Card
CUST_01738,207,57,50,7,0.8772,1045.8,Wallet
CUST_01739,473,80,54,26,0.675,4295.04,Wallet
CUST_01740,601,6,6,0,1.0,7313.15,Wallet
CUST_01741,535,36,20,16,0.5556,2052.65,Wallet
CUST_01742,1216,33,27,6,0.8182,1962.21,Card
CUST_01743,1204,5,4,1,0.8,2319.34,UPI
CUST_01744,112,65,65,0,1.0,4980.65,UPI
CUST_01745,901,72,46,26,0.6389,1153.84,Wallet
CUST_01746,1456,17,12,5,0.7059,2609.35,Wallet
CUST_01747,522,15,12,3,0.8,4370.52,UPI
CUST_01748,1449,57,30,27,0.5263,3136.2,Card
CUST_01749,764,42,19,23,0.4524,2521.75,UPI
CUST_01750,62,66,61,5,0.9242,4450.32,NetBanking
CUST_01751,361,63,54,9,0.8571,332.87,UPI
CUST_01752,961,64,27,37,0.4219,3549.33,Wallet
CUST_01753,408,52,44,8,0.8462,1397.09,UPI
CUST_01754,1314,14,10,4,0.7143,613.12,NetBanking
CUST_01755,1117,9,6,3,0.6667,3158.47,Wallet
CUST_01756,582,74,58,16,0.7838,5776.54,Card
CUST_01757,1432,15,13,2,0.8667,2005.78,NetBanking
CUST_01758,142,70,64,6,0.9143,4302.76,NetBanking
CUST_01759,135,19,11,8,0.5789,6826.69,NetBanking
CUST_01760,983,10,8,2,0.8,5543.83,NetBanking
CUST_01761,388,76,67,9,0.8816,6960.28,UPI
CUST_01762,1178,31,13,18,0.4194,3712.61,NetBanking
CUST_01763,518,74,29,45,0.3919,2328.09,Wallet
CUST_01764,1218,31,16,15,0.5161,719.55,NetBanking
CUST_01765,752,39,27,12,0.6923,1858.93,Wallet
CUST_01766,597,11,4,7,0.3636,1223.81,NetBanking
CUST_01767,737,62,49,13,0.7903,10093.63,UPI
CUST_01768,992,73,64,9,0.8767,1952.53,NetBanking
CUST_01769,955,52,19,33,0.3654,2407.26,Card
CUST_01770,967,16,5,11,0.3125,3248.8,Wallet
CUST_01771,396,41,14,27,0.3415,2276.79,UPI
CUST_01772,367,40,15,25,0.375,7233.92,Card
CUST_01773,1046,24,13,11,0.5417,1428.16,UPI
CUST_01774,630,58,51,7,0.8793,2530.63,Card
CUST_01775,1000,49,40,9,0.8163,1313.26,Wallet
CUST_01776,1350,7,4,3,0.5714,876.54,Card
CUST_01777,158,7,3,4,0.4286,1439.08,NetBanking
CUST_01778,873,79,44,35,0.557,2151.83,NetBanking
CUST_01779,1025,80,66,14,0.825,1635.15,Wallet
CUST_01780,967,43,20,23,0.4651,1360.09,NetBanking
CUST_01781,381,38,18,20,0.4737,825.16,Wallet
CUST_01782,791,41,36,5,0.878,2083.55,UPI
CUST_01783,333,50,33,17,0.66,770.24,Wallet
CUST_01784,370,25,24,1,0.96,3759.49,NetBanking
CUST_01785,403,27,12,15,0.4444,2339.54,Card
CUST_01786,517,19,5,14,0.2632,796.09,NetBanking
CUST_01787,1206,21,20,1,0.9524,1778.55,NetBanking
CUST_01788,787,28,14,14,0.5,1304.39,UPI
CUST_01789,1393,45,35,10,0.7778,2761.2,Card
CUST_01790,793,62,52,10,0.8387,5643.81,Card
CUST_01791,1122,43,19,24,0.4419,594.3,UPI
CUST_01792,858,68,29,39,0.4265,2393.51,Wallet
CUST_01793,685,24,7,17,0.2917,1974.18,NetBanking
CUST_01794,1355,42,27,15,0.6429,3533.13,NetBanking
CUST_01795,1204,23,20,3,0.8696,2563.78,NetBanking
CUST_01796,1441,19,16,3,0.8421,1304.56,Wallet
CUST_01797,112,22,9,13,0.4091,1766.34,NetBanking
CUST_01798,80,56,55,1,0.9821,1264.94,Card
CUST_01799,943,50,20,30,0.4,4690.08,NetBanking
CUST_01800,142,29,26,3,0.8966,2241.54,Card
CUST_01801,599,30,9,21,0.3,8356.82,UPI
CUST_01802,1132,62,61,1,0.9839,2116.54,UPI
CUST_01803,1078,55,28,27,0.5091,1344.95,Wallet
CUST_01804,680,70,24,46,0.3429,765.4,NetBanking
CUST_01805,844,23,19,4,0.8261,625.03,NetBanking
CUST_01806,820,52,15,37,0.2885,728.59,NetBanking
CUST_01807,736,49,33,16,0.6735,2662.41,Wallet
CUST_01808,1178,16,7,9,0.4375,3152.99,Wallet
CUST_01809,881,61,36,25,0.5902,730.09,Card
CUST_01810,898,58,25,33,0.431,4132.04,UPI
CUST_01811,324,31,18,13,0.5806,1574.76,Wallet
CUST_01812,1105,47,18,29,0.383,2447.34,Wallet
CUST_01813,211,5,4,1,0.8,6826.41,NetBanking
CUST_01814,878,27,25,2,0.9259,4137.25,Wallet
CUST_01815,1484,77,71,6,0.9221,1829.92,Card
CUST_01816,438,28,20,8,0.7143,1183.42,NetBanking
CUST_01817,1164,67,22,45,0.3284,489.67,NetBanking
CUST_01818,1228,43,43,0,1.0,1334.87,Wallet
CUST_01819,489,8,8,0,1.0,1904.95,UPI
CUST_01820,345,38,20,18,0.5263,1106.52,Wallet
CUST_01821,284,41,25,16,0.6098,2014.49,Card
CUST_01822,1037,36,10,26,0.2778,2330.4,UPI
CUST_01823,597,68,24,44,0.3529,1886.73,NetBanking
CUST_01824,1220,66,55,11,0.8333,1401.08,Wallet
CUST_01825,558,65,63,2,0.9692,2485.08,UPI
CUST_01826,794,70,67,3,0.9571,3008.99,UPI
CUST_01827,561,25,25,0,1.0,1029.39,UPI
CUST_01828,329,45,42,3,0.9333,5929.25,Card
CUST_01829,761,25,8,17,0.32,2061.09,NetBanking
CUST_01830,769,58,57,1,0.9828,2237.68,NetBanking
CUST_01831,129,42,21,21,0.5,3625.51,UPI
CUST_01832,1082,29,28,1,0.9655,2599.96,Card
CUST_01833,223,26,24,2,0.9231,4303.55,NetBanking
CUST_01834,677,43,29,14,0.6744,2699.95,NetBanking
CUST_01835,226,73,58,15,0.7945,1438.41,NetBanking
CUST_01836,324,6,2,4,0.3333,2844.24,NetBanking
CUST_01837,793,67,46,21,0.6866,991.67,NetBanking
CUST_01838,363,18,8,10,0.4444,2382.71,Card
CUST_01839,1060,33,15,18,0.4545,2157.57,UPI
CUST_01840,884,63,22,41,0.3492,1908.97,UPI
CUST_01841,298,7,5,2,0.7143,2018.33,NetBanking
CUST_01842,668,51,23,28,0.451,591.53,Wallet
CUST_01843,1253,71,69,2,0.9718,1504.01,NetBanking
CUST_01844,382,43,13,30,0.3023,2356.64,UPI
CUST_01845,485,21,10,11,0.4762,2469.82,Card
CUST_01846,659,21,12,9,0.5714,1075.59,Card
CUST_01847,190,59,24,35,0.4068,5356.12,UPI
CUST_01848,68,66,46,20,0.697,1204.33,UPI
CUST_01849,432,18,5,13,0.2778,4353.0,UPI
CUST_01850,990,20,20,0,1.0,2978.09,NetBanking
CUST_01851,118,13,7,6,0.5385,1404.79,UPI
CUST_01852,227,20,20,0,1.0,7651.96,Card
CUST_01853,1233,30,14,16,0.4667,957.62,NetBanking
CUST_01854,89,16,6,10,0.375,4202.39,NetBanking
CUST_01855,1217,49,36,13,0.7347,4448.88,Card
CUST_01856,1055,35,26,9,0.7429,1381.0,UPI
CUST_01857,232,79,71,8,0.8987,5853.09,UPI
CUST_01858,1113,32,31,1,0.9688,1853.75,Card
CUST_01859,607,26,24,2,0.9231,2702.91,UPI
CUST_01860,232,32,25,7,0.7812,2649.76,Wallet
CUST_01861,780,80,35,45,0.4375,2010.19,Wallet
CUST_01862,1409,18,7,11,0.3889,3895.46,NetBanking
CUST_01863,807,59,30,29,0.5085,3848.51,Card
CUST_01864,864,19,17,2,0.8947,649.39,NetBanking
CUST_01865,283,64,26,38,0.4062,5502.94,Card
CUST_01866,1045,51,33,18,0.6471,689.7,UPI
CUST_01867,198,46,44,2,0.9565,4549.54,UPI
CUST_01868,818,41,26,15,0.6341,4859.51,NetBanking
CUST_01869,1437,61,32,29,0.5246,1028.98,Wallet
CUST_01870,625,59,29,30,0.4915,1656.45,UPI
CUST_01871,1004,52,26,26,0.5,1018.42,UPI
CUST_01872,1410,67,63,4,0.9403,1899.9,UPI
CUST_01873,841,61,51,10,0.8361,1780.01,UPI
CUST_01874,274,23,18,5,0.7826,3811.44,Wallet
CUST_01875,1453,80,30,50,0.375,5525.98,Card
CUST_01876,162,51,27,24,0.5294,5866.3,NetBanking
CUST_01877,440,56,23,33,0.4107,1489.93,Card
CUST_01878,899,68,37,31,0.5441,1907.49,NetBanking
CUST_01879,1348,56,38,18,0.6786,679.66,Wallet
CUST_01880,1395,56,47,9,0.8393,1256.26,NetBanking
CUST_01881,331,63,24,39,0.381,4338.99,UPI
CUST_01882,543,67,51,16,0.7612,6842.5,Card
CUST_01883,1316,22,6,16,0.2727,930.72,UPI
CUST_01884,138,13,10,3,0.7692,1458.66,UPI
CUST_01885,396,53,53,0,1.0,2167.9,NetBanking
CUST_01886,342,43,18,25,0.4186,2686.82,UPI
CUST_01887,1383,71,70,1,0.9859,1252.98,Wallet
CUST_01888,984,30,18,12,0.6,2971.56,Wallet
CUST_01889,1034,69,36,33,0.5217,1584.96,NetBanking
CUST_01890,1137,74,23,51,0.3108,2186.12,UPI
CUST_01891,911,20,12,8,0.6,3236.99,Wallet
CUST_01892,674,53,43,10,0.8113,2218.3,Wallet
CUST_01893,103,9,4,5,0.4444,1627.06,NetBanking
CUST_01894,1476,26,22,4,0.8462,2045.25,Wallet
CUST_01895,305,44,37,7,0.8409,2075.89,Wallet
CUST_01896,254,77,66,11,0.8571,1704.44,Wallet
CUST_01897,1381,75,65,10,0.8667,1842.43,Wallet
CUST_01898,1004,76,76,0,1.0,6761.86,Card
CUST_01899,1067,12,9,3,0.75,3270.32,NetBanking
CUST_01900,1043,80,48,32,0.6,1795.72,NetBanking
CUST_01901,612,46,16,30,0.3478,3597.05,UPI
CUST_01902,1239,10,5,5,0.5,1748.17,NetBanking
CUST_01903,744,79,24,55,0.3038,5020.01,NetBanking
CUST_01904,809,17,11,6,0.6471,2860.49,NetBanking
CUST_01905,761,57,39,18,0.6842,2048.55,UPI
CUST_01906,1384,36,17,19,0.4722,3021.18,Card
CUST_01907,1357,44,18,26,0.4091,735.38,UPI
CUST_01908,654,19,10,9,0.5263,1003.51,Card
CUST_01909,70,73,41,32,0.5616,957.43,UPI
CUST_01910,973,59,53,6,0.8983,2440.75,Wallet
CUST_01911,576,7,7,0,1.0,7426.13,Wallet
CUST_01912,1234,7,4,3,0.5714,10529.23,Wallet
CUST_01913,1198,54,36,18,0.6667,3451.75,UPI
CUST_01914,1030,17,16,1,0.9412,3135.65,Card
CUST_01915,718,68,52,16,0.7647,625.94,NetBanking
CUST_01916,371,43,35,8,0.814,1510.4,Wallet
CUST_01917,443,68,60,8,0.8824,1272.26,UPI
CUST_01918,1127,32,18,14,0.5625,1429.97,NetBanking
CUST_01919,127,43,37,6,0.8605,1963.14,Card
CUST_01920,1309,16,15,1,0.9375,1586.9,UPI
CUST_01921,1242,48,31,17,0.6458,552.52,UPI
CUST_01922,1190,72,51,21,0.7083,3727.66,Wallet
CUST_01923,459,49,18,31,0.3673,1042.19,NetBanking
CUST_01924,1063,43,39,4,0.907,2610.96,NetBanking
CUST_01925,439,58,42,16,0.7241,9431.95,NetBanking
CUST_01926,1309,70,50,20,0.7143,1160.3,Card
CUST_01927,68,71,32,39,0.4507,375.7,Wallet
CUST_01928,466,64,36,28,0.5625,1807.68,Wallet
CUST_01929,1189,12,11,1,0.9167,4772.72,Card
CUST_01930,776,64,28,36,0.4375,8697.95,Card
CUST_01931,338,43,39,4,0.907,933.85,Wallet
CUST_01932,682,13,13,0,1.0,3126.56,Card
CUST_01933,874,39,37,2,0.9487,1594.45,NetBanking
CUST_01934,1353,25,15,10,0.6,2050.49,Card
CUST_01935,861,35,13,22,0.3714,14059.31,Card
CUST_01936,423,8,3,5,0.375,771.18,NetBanking
CUST_01937,980,67,55,12,0.8209,2637.58,Wallet
CUST_01938,894,9,5,4,0.5556,3063.72,Card
CUST_01939,588,22,6,16,0.2727,4722.3,NetBanking
CUST_01940,598,75,33,42,0.44,2365.13,UPI
CUST_01941,1025,7,2,5,0.2857,2739.79,UPI
CUST_01942,672,43,16,27,0.3721,1678.82,Wallet
CUST_01943,774,16,10,6,0.625,2666.14,Card
CUST_01944,513,19,14,5,0.7368,1736.74,UPI
CUST_01945,1098,79,72,7,0.9114,3412.16,NetBanking
CUST_01946,1046,16,7,9,0.4375,1704.92,UPI
CUST_01947,671,47,38,9,0.8085,2875.47,Card
CUST_01948,896,32,13,19,0.4062,2163.57,UPI
CUST_01949,388,32,17,15,0.5312,4857.29,Wallet
CUST_01950,866,37,29,8,0.7838,2130.31,UPI
CUST_01951,1034,73,44,29,0.6027,638.34,UPI
CUST_01952,678,74,49,25,0.6622,5341.94,Wallet
CUST_01953,1428,36,18,18,0.5,1171.44,Card
CUST_01954,773,65,64,1,0.9846,1397.39,NetBanking
CUST_01955,661,7,7,0,1.0,1455.4,UPI
CUST_01956,1386,11,6,5,0.5455,5779.7,NetBanking
CUST_01957,1161,54,35,19,0.6481,495.23,NetBanking
CUST_01958,1433,20,14,6,0.7,19859.23,Card
CUST_01959,936,54,16,38,0.2963,4625.04,Wallet
CUST_01960,553,43,17,26,0.3953,2581.86,Card
CUST_01961,639,31,14,17,0.4516,2125.1,Wallet
CUST_01962,1323,45,39,6,0.8667,2696.98,UPI
CUST_01963,591,15,11,4,0.7333,3180.47,Wallet
CUST_01964,875,47,41,6,0.8723,3469.1,UPI
CUST_01965,358,38,27,11,0.7105,3258.18,UPI
CUST_01966,750,58,55,3,0.9483,2351.26,NetBanking
CUST_01967,958,8,8,0,1.0,1923.43,UPI
CUST_01968,1343,28,28,0,1.0,1986.46,Wallet
CUST_01969,1342,22,6,16,0.2727,1926.7,Wallet
CUST_01970,439,44,33,11,0.75,4883.61,UPI
CUST_01971,256,25,14,11,0.56,3345.9,Card
CUST_01972,1246,57,37,20,0.6491,281.95,Wallet
CUST_01973,1009,22,14,8,0.6364,3495.15,Card
CUST_01974,1437,80,76,4,0.95,2530.86,NetBanking
CUST_01975,607,30,11,19,0.3667,2179.62,Wallet
CUST_01976,782,28,20,8,0.7143,1682.5,Wallet
CUST_01977,1198,33,9,24,0.2727,4850.7,UPI
CUST_01978,1173,34,12,22,0.3529,4286.68,Wallet
CUST_01979,436,38,33,5,0.8684,1285.61,Card
CUST_01980,131,56,55,1,0.9821,2936.39,Wallet
CUST_01981,1259,38,15,23,0.3947,1118.61,UPI
CUST_01982,783,26,25,1,0.9615,840.73,UPI
CUST_01983,58,72,48,24,0.6667,1424.1,Wallet
CUST_01984,1409,68,27,41,0.3971,4038.69,Card
CUST_01985,1491,31,15,16,0.4839,4303.52,NetBanking
CUST_01986,619,68,44,24,0.6471,3162.63,Card
CUST_01987,913,31,28,3,0.9032,3668.61,Card
CUST_01988,609,29,21,8,0.7241,3169.49,Card
CUST_01989,866,23,6,17,0.2609,1409.46,NetBanking
CUST_01990,566,35,29,6,0.8286,2987.96,Wallet
CUST_01991,538,52,52,0,1.0,3867.2,Wallet
CUST_01992,205,6,4,2,0.6667,3744.35,Card
CUST_01993,692,55,29,26,0.5273,5075.8,Wallet
CUST_01994,1480,59,55,4,0.9322,3625.74,NetBanking
CUST_01995,179,17,13,4,0.7647,2824.29,UPI
CUST_01996,136,47,29,18,0.617,4670.89,Wallet
CUST_01997,755,10,3,7,0.3,2167.73,NetBanking
CUST_01998,1063,53,34,19,0.6415,1191.17,Wallet
CUST_01999,1404,52,23,29,0.4423,1970.13,UPI
CUST_02000,1218,27,16,11,0.5926,1311.03,Card
